﻿{"data":[{"Properties":{"domain":"TEST_DC.LOCAL","name":"ADMINSDHOLDER@TEST_DC.LOCAL","distinguishedname":"CN=ADMINSDHOLDER,CN=SYSTEM,DC=TEST_DC,DC=LOCAL","domainsid":"S-1-5-21-2833959394-2293988375-3349515563","highvalue":false},"ChildObjects":[],"Aces":[{"PrincipalSID":"S-1-5-21-2833959394-2293988375-3349515563-512","PrincipalType":"Group","RightName":"Owns","IsInherited":false},{"PrincipalSID":"TEST_DC.LOCAL-S-1-5-32-544","PrincipalType":"Group","RightName":"WriteDacl","IsInherited":false},{"PrincipalSID":"TEST_DC.LOCAL-S-1-5-32-544","PrincipalType":"Group","RightName":"WriteOwner","IsInherited":false},{"PrincipalSID":"S-1-5-21-2833959394-2293988375-3349515563-512","PrincipalType":"Group","RightName":"WriteDacl","IsInherited":false},{"PrincipalSID":"S-1-5-21-2833959394-2293988375-3349515563-512","PrincipalType":"Group","RightName":"WriteOwner","IsInherited":false},{"PrincipalSID":"S-1-5-21-2833959394-2293988375-3349515563-519","PrincipalType":"Group","RightName":"WriteDacl","IsInherited":false},{"PrincipalSID":"S-1-5-21-2833959394-2293988375-3349515563-519","PrincipalType":"Group","RightName":"WriteOwner","IsInherited":false}],"ObjectIdentifier":"AD734342-9994-4BB4-A2EB-BC28E0DF697A","IsDeleted":false,"IsACLProtected":true},{"Properties":{"domain":"TEST_DC.LOCAL","name":"POLICYTEMPLATE@TEST_DC.LOCAL","distinguishedname":"CN=POLICYTEMPLATE,CN=WMIPOLICY,CN=SYSTEM,DC=TEST_DC,DC=LOCAL","domainsid":"S-1-5-21-2833959394-2293988375-3349515563","highvalue":false},"ChildObjects":[],"Aces":[{"PrincipalSID":"S-1-5-21-2833959394-2293988375-3349515563-512","PrincipalType":"Group","RightName":"Owns","IsInherited":false},{"PrincipalSID":"S-1-5-21-2833959394-2293988375-3349515563-512","PrincipalType":"Group","RightName":"WriteDacl","IsInherited":false},{"PrincipalSID":"S-1-5-21-2833959394-2293988375-3349515563-512","PrincipalType":"Group","RightName":"WriteOwner","IsInherited":false},{"PrincipalSID":"S-1-5-21-2833959394-2293988375-3349515563-519","PrincipalType":"Group","RightName":"GenericAll","IsInherited":true},{"PrincipalSID":"S-1-5-21-2833959394-2293988375-3349515563-512","PrincipalType":"Group","RightName":"GenericAll","IsInherited":true}],"ObjectIdentifier":"696FF4B2-CF72-49A6-874F-BA65F537F9F1","IsDeleted":false,"IsACLProtected":false},{"Properties":{"domain":"TEST_DC.LOCAL","name":"WMIGPO@TEST_DC.LOCAL","distinguishedname":"CN=WMIGPO,CN=WMIPOLICY,CN=SYSTEM,DC=TEST_DC,DC=LOCAL","domainsid":"S-1-5-21-2833959394-2293988375-3349515563","highvalue":false},"ChildObjects":[],"Aces":[{"PrincipalSID":"S-1-5-21-2833959394-2293988375-3349515563-512","PrincipalType":"Group","RightName":"Owns","IsInherited":false},{"PrincipalSID":"S-1-5-21-2833959394-2293988375-3349515563-512","PrincipalType":"Group","RightName":"WriteDacl","IsInherited":false},{"PrincipalSID":"S-1-5-21-2833959394-2293988375-3349515563-512","PrincipalType":"Group","RightName":"WriteOwner","IsInherited":false},{"PrincipalSID":"S-1-5-21-2833959394-2293988375-3349515563-519","PrincipalType":"Group","RightName":"GenericAll","IsInherited":true},{"PrincipalSID":"S-1-5-21-2833959394-2293988375-3349515563-512","PrincipalType":"Group","RightName":"GenericAll","IsInherited":true}],"ObjectIdentifier":"4B57C263-0A10-486D-B82A-B20AA69B6E51","IsDeleted":false,"IsACLProtected":false},{"Properties":{"domain":"TEST_DC.LOCAL","name":"COMPUTERS@TEST_DC.LOCAL","distinguishedname":"CN=COMPUTERS,DC=TEST_DC,DC=LOCAL","domainsid":"S-1-5-21-2833959394-2293988375-3349515563","highvalue":false},"ChildObjects":[],"Aces":[{"PrincipalSID":"S-1-5-21-2833959394-2293988375-3349515563-512","PrincipalType":"Group","RightName":"Owns","IsInherited":false},{"PrincipalSID":"S-1-5-21-2833959394-2293988375-3349515563-512","PrincipalType":"Group","RightName":"WriteDacl","IsInherited":false},{"PrincipalSID":"S-1-5-21-2833959394-2293988375-3349515563-512","PrincipalType":"Group","RightName":"WriteOwner","IsInherited":false},{"PrincipalSID":"S-1-5-21-2833959394-2293988375-3349515563-519","PrincipalType":"Group","RightName":"GenericAll","IsInherited":true},{"PrincipalSID":"TEST_DC.LOCAL-S-1-5-32-544","PrincipalType":"Group","RightName":"WriteDacl","IsInherited":true},{"PrincipalSID":"TEST_DC.LOCAL-S-1-5-32-544","PrincipalType":"Group","RightName":"WriteOwner","IsInherited":true}],"ObjectIdentifier":"F1B14A5B-092B-480E-903B-F6B7920AA2E9","IsDeleted":false,"IsACLProtected":false},{"Properties":{"domain":"TEST_DC.LOCAL","name":"MICROSOFT@TEST_DC.LOCAL","distinguishedname":"CN=MICROSOFT,CN=PROGRAM DATA,DC=TEST_DC,DC=LOCAL","domainsid":"S-1-5-21-2833959394-2293988375-3349515563","highvalue":false},"ChildObjects":[],"Aces":[{"PrincipalSID":"S-1-5-21-2833959394-2293988375-3349515563-512","PrincipalType":"Group","RightName":"Owns","IsInherited":false},{"PrincipalSID":"S-1-5-21-2833959394-2293988375-3349515563-512","PrincipalType":"Group","RightName":"GenericAll","IsInherited":false},{"PrincipalSID":"S-1-5-21-2833959394-2293988375-3349515563-519","PrincipalType":"Group","RightName":"GenericAll","IsInherited":true},{"PrincipalSID":"TEST_DC.LOCAL-S-1-5-32-544","PrincipalType":"Group","RightName":"WriteDacl","IsInherited":true},{"PrincipalSID":"TEST_DC.LOCAL-S-1-5-32-544","PrincipalType":"Group","RightName":"WriteOwner","IsInherited":true}],"ObjectIdentifier":"0434B75B-AA60-4C99-BCAE-2AFD91E50268","IsDeleted":false,"IsACLProtected":false},{"Properties":{"domain":"TEST_DC.LOCAL","name":"COMPARTITIONS@TEST_DC.LOCAL","distinguishedname":"CN=COMPARTITIONS,CN=SYSTEM,DC=TEST_DC,DC=LOCAL","domainsid":"S-1-5-21-2833959394-2293988375-3349515563","highvalue":false},"ChildObjects":[],"Aces":[{"PrincipalSID":"S-1-5-21-2833959394-2293988375-3349515563-512","PrincipalType":"Group","RightName":"Owns","IsInherited":false},{"PrincipalSID":"S-1-5-21-2833959394-2293988375-3349515563-512","PrincipalType":"Group","RightName":"WriteDacl","IsInherited":false},{"PrincipalSID":"S-1-5-21-2833959394-2293988375-3349515563-512","PrincipalType":"Group","RightName":"WriteOwner","IsInherited":false},{"PrincipalSID":"S-1-5-21-2833959394-2293988375-3349515563-519","PrincipalType":"Group","RightName":"GenericAll","IsInherited":true},{"PrincipalSID":"TEST_DC.LOCAL-S-1-5-32-544","PrincipalType":"Group","RightName":"WriteDacl","IsInherited":true},{"PrincipalSID":"TEST_DC.LOCAL-S-1-5-32-544","PrincipalType":"Group","RightName":"WriteOwner","IsInherited":true}],"ObjectIdentifier":"F3C3394B-050F-49EB-9708-6E173C24BAF4","IsDeleted":false,"IsACLProtected":false},{"Properties":{"domain":"TEST_DC.LOCAL","name":"WMIPOLICY@TEST_DC.LOCAL","distinguishedname":"CN=WMIPOLICY,CN=SYSTEM,DC=TEST_DC,DC=LOCAL","domainsid":"S-1-5-21-2833959394-2293988375-3349515563","highvalue":false},"ChildObjects":[],"Aces":[{"PrincipalSID":"S-1-5-21-2833959394-2293988375-3349515563-512","PrincipalType":"Group","RightName":"Owns","IsInherited":false},{"PrincipalSID":"S-1-5-21-2833959394-2293988375-3349515563-512","PrincipalType":"Group","RightName":"GenericAll","IsInherited":false},{"PrincipalSID":"S-1-5-21-2833959394-2293988375-3349515563-519","PrincipalType":"Group","RightName":"GenericAll","IsInherited":false}],"ObjectIdentifier":"DDD5EE2A-01C5-45DE-A0D6-01E38E9A80B5","IsDeleted":false,"IsACLProtected":true},{"Properties":{"domain":"TEST_DC.LOCAL","name":"WINSOCKSERVICES@TEST_DC.LOCAL","distinguishedname":"CN=WINSOCKSERVICES,CN=SYSTEM,DC=TEST_DC,DC=LOCAL","domainsid":"S-1-5-21-2833959394-2293988375-3349515563","highvalue":false},"ChildObjects":[],"Aces":[{"PrincipalSID":"S-1-5-21-2833959394-2293988375-3349515563-512","PrincipalType":"Group","RightName":"Owns","IsInherited":false},{"PrincipalSID":"S-1-5-21-2833959394-2293988375-3349515563-512","PrincipalType":"Group","RightName":"WriteDacl","IsInherited":false},{"PrincipalSID":"S-1-5-21-2833959394-2293988375-3349515563-512","PrincipalType":"Group","RightName":"WriteOwner","IsInherited":false},{"PrincipalSID":"S-1-5-21-2833959394-2293988375-3349515563-519","PrincipalType":"Group","RightName":"GenericAll","IsInherited":true},{"PrincipalSID":"TEST_DC.LOCAL-S-1-5-32-544","PrincipalType":"Group","RightName":"WriteDacl","IsInherited":true},{"PrincipalSID":"TEST_DC.LOCAL-S-1-5-32-544","PrincipalType":"Group","RightName":"WriteOwner","IsInherited":true}],"ObjectIdentifier":"0CEDC9CB-8E29-4E40-9FA5-A795ACE72C9C","IsDeleted":false,"IsACLProtected":false},{"Properties":{"domain":"TEST_DC.LOCAL","name":"RPCSERVICES@TEST_DC.LOCAL","distinguishedname":"CN=RPCSERVICES,CN=SYSTEM,DC=TEST_DC,DC=LOCAL","domainsid":"S-1-5-21-2833959394-2293988375-3349515563","highvalue":false},"ChildObjects":[],"Aces":[{"PrincipalSID":"S-1-5-21-2833959394-2293988375-3349515563-512","PrincipalType":"Group","RightName":"Owns","IsInherited":false},{"PrincipalSID":"S-1-5-21-2833959394-2293988375-3349515563-512","PrincipalType":"Group","RightName":"WriteDacl","IsInherited":false},{"PrincipalSID":"S-1-5-21-2833959394-2293988375-3349515563-512","PrincipalType":"Group","RightName":"WriteOwner","IsInherited":false},{"PrincipalSID":"S-1-5-21-2833959394-2293988375-3349515563-519","PrincipalType":"Group","RightName":"GenericAll","IsInherited":true},{"PrincipalSID":"TEST_DC.LOCAL-S-1-5-32-544","PrincipalType":"Group","RightName":"WriteDacl","IsInherited":true},{"PrincipalSID":"TEST_DC.LOCAL-S-1-5-32-544","PrincipalType":"Group","RightName":"WriteOwner","IsInherited":true}],"ObjectIdentifier":"73B096F1-F2A4-4386-94C2-E802A08F1C74","IsDeleted":false,"IsACLProtected":false},{"Properties":{"domain":"TEST_DC.LOCAL","name":"MEETINGS@TEST_DC.LOCAL","distinguishedname":"CN=MEETINGS,CN=SYSTEM,DC=TEST_DC,DC=LOCAL","domainsid":"S-1-5-21-2833959394-2293988375-3349515563","highvalue":false},"ChildObjects":[],"Aces":[{"PrincipalSID":"S-1-5-21-2833959394-2293988375-3349515563-512","PrincipalType":"Group","RightName":"Owns","IsInherited":false},{"PrincipalSID":"S-1-5-21-2833959394-2293988375-3349515563-512","PrincipalType":"Group","RightName":"WriteDacl","IsInherited":false},{"PrincipalSID":"S-1-5-21-2833959394-2293988375-3349515563-512","PrincipalType":"Group","RightName":"WriteOwner","IsInherited":false},{"PrincipalSID":"S-1-5-21-2833959394-2293988375-3349515563-519","PrincipalType":"Group","RightName":"GenericAll","IsInherited":true},{"PrincipalSID":"TEST_DC.LOCAL-S-1-5-32-544","PrincipalType":"Group","RightName":"WriteDacl","IsInherited":true},{"PrincipalSID":"TEST_DC.LOCAL-S-1-5-32-544","PrincipalType":"Group","RightName":"WriteOwner","IsInherited":true}],"ObjectIdentifier":"B51DA68F-65C9-4CEC-B500-9F5A9BE216C8","IsDeleted":false,"IsACLProtected":false},{"Properties":{"domain":"TEST_DC.LOCAL","name":"COMPARTITIONSETS@TEST_DC.LOCAL","distinguishedname":"CN=COMPARTITIONSETS,CN=SYSTEM,DC=TEST_DC,DC=LOCAL","domainsid":"S-1-5-21-2833959394-2293988375-3349515563","highvalue":false},"ChildObjects":[],"Aces":[{"PrincipalSID":"S-1-5-21-2833959394-2293988375-3349515563-512","PrincipalType":"Group","RightName":"Owns","IsInherited":false},{"PrincipalSID":"S-1-5-21-2833959394-2293988375-3349515563-512","PrincipalType":"Group","RightName":"WriteDacl","IsInherited":false},{"PrincipalSID":"S-1-5-21-2833959394-2293988375-3349515563-512","PrincipalType":"Group","RightName":"WriteOwner","IsInherited":false},{"PrincipalSID":"S-1-5-21-2833959394-2293988375-3349515563-519","PrincipalType":"Group","RightName":"GenericAll","IsInherited":true},{"PrincipalSID":"TEST_DC.LOCAL-S-1-5-32-544","PrincipalType":"Group","RightName":"WriteDacl","IsInherited":true},{"PrincipalSID":"TEST_DC.LOCAL-S-1-5-32-544","PrincipalType":"Group","RightName":"WriteOwner","IsInherited":true}],"ObjectIdentifier":"9F5D9015-3FE4-4E4E-A559-94399910122C","IsDeleted":false,"IsACLProtected":false},{"Properties":{"domain":"TEST_DC.LOCAL","name":"SOM@TEST_DC.LOCAL","distinguishedname":"CN=SOM,CN=WMIPOLICY,CN=SYSTEM,DC=TEST_DC,DC=LOCAL","domainsid":"S-1-5-21-2833959394-2293988375-3349515563","highvalue":false},"ChildObjects":[],"Aces":[{"PrincipalSID":"S-1-5-21-2833959394-2293988375-3349515563-512","PrincipalType":"Group","RightName":"Owns","IsInherited":false},{"PrincipalSID":"S-1-5-21-2833959394-2293988375-3349515563-512","PrincipalType":"Group","RightName":"GenericAll","IsInherited":false},{"PrincipalSID":"S-1-5-21-2833959394-2293988375-3349515563-519","PrincipalType":"Group","RightName":"GenericAll","IsInherited":false}],"ObjectIdentifier":"17948D7F-1846-4B1C-8F0B-E29EEEAD8AE2","IsDeleted":false,"IsACLProtected":true},{"Properties":{"domain":"TEST_DC.LOCAL","name":"RAS AND IAS SERVERS ACCESS CHECK@TEST_DC.LOCAL","distinguishedname":"CN=RAS AND IAS SERVERS ACCESS CHECK,CN=SYSTEM,DC=TEST_DC,DC=LOCAL","domainsid":"S-1-5-21-2833959394-2293988375-3349515563","highvalue":false},"ChildObjects":[],"Aces":[{"PrincipalSID":"S-1-5-21-2833959394-2293988375-3349515563-512","PrincipalType":"Group","RightName":"Owns","IsInherited":false},{"PrincipalSID":"S-1-5-21-2833959394-2293988375-3349515563-553","PrincipalType":"Group","RightName":"WriteDacl","IsInherited":false},{"PrincipalSID":"S-1-5-21-2833959394-2293988375-3349515563-553","PrincipalType":"Group","RightName":"WriteOwner","IsInherited":false},{"PrincipalSID":"S-1-5-21-2833959394-2293988375-3349515563-519","PrincipalType":"Group","RightName":"GenericAll","IsInherited":true},{"PrincipalSID":"TEST_DC.LOCAL-S-1-5-32-544","PrincipalType":"Group","RightName":"WriteDacl","IsInherited":true},{"PrincipalSID":"TEST_DC.LOCAL-S-1-5-32-544","PrincipalType":"Group","RightName":"WriteOwner","IsInherited":true}],"ObjectIdentifier":"9F01E8B8-A8D9-4235-A55E-8F300BB563E4","IsDeleted":false,"IsACLProtected":false},{"Properties":{"domain":"TEST_DC.LOCAL","name":"SYSTEM@TEST_DC.LOCAL","distinguishedname":"CN=SYSTEM,DC=TEST_DC,DC=LOCAL","domainsid":"S-1-5-21-2833959394-2293988375-3349515563","highvalue":false},"ChildObjects":[],"Aces":[{"PrincipalSID":"S-1-5-21-2833959394-2293988375-3349515563-512","PrincipalType":"Group","RightName":"Owns","IsInherited":false},{"PrincipalSID":"S-1-5-21-2833959394-2293988375-3349515563-512","PrincipalType":"Group","RightName":"WriteDacl","IsInherited":false},{"PrincipalSID":"S-1-5-21-2833959394-2293988375-3349515563-512","PrincipalType":"Group","RightName":"WriteOwner","IsInherited":false},{"PrincipalSID":"S-1-5-21-2833959394-2293988375-3349515563-519","PrincipalType":"Group","RightName":"GenericAll","IsInherited":true},{"PrincipalSID":"TEST_DC.LOCAL-S-1-5-32-544","PrincipalType":"Group","RightName":"WriteDacl","IsInherited":true},{"PrincipalSID":"TEST_DC.LOCAL-S-1-5-32-544","PrincipalType":"Group","RightName":"WriteOwner","IsInherited":true}],"ObjectIdentifier":"444F6457-FE53-49DC-9931-4873B06FEFDC","IsDeleted":false,"IsACLProtected":false},{"Properties":{"domain":"TEST_DC.LOCAL","name":"POLICYTYPE@TEST_DC.LOCAL","distinguishedname":"CN=POLICYTYPE,CN=WMIPOLICY,CN=SYSTEM,DC=TEST_DC,DC=LOCAL","domainsid":"S-1-5-21-2833959394-2293988375-3349515563","highvalue":false},"ChildObjects":[],"Aces":[{"PrincipalSID":"S-1-5-21-2833959394-2293988375-3349515563-512","PrincipalType":"Group","RightName":"Owns","IsInherited":false},{"PrincipalSID":"S-1-5-21-2833959394-2293988375-3349515563-512","PrincipalType":"Group","RightName":"WriteDacl","IsInherited":false},{"PrincipalSID":"S-1-5-21-2833959394-2293988375-3349515563-512","PrincipalType":"Group","RightName":"WriteOwner","IsInherited":false},{"PrincipalSID":"S-1-5-21-2833959394-2293988375-3349515563-519","PrincipalType":"Group","RightName":"GenericAll","IsInherited":true},{"PrincipalSID":"S-1-5-21-2833959394-2293988375-3349515563-512","PrincipalType":"Group","RightName":"GenericAll","IsInherited":true}],"ObjectIdentifier":"D60D6914-FC9E-4F01-85FB-D78DAB53598D","IsDeleted":false,"IsACLProtected":false},{"Properties":{"domain":"TEST_DC.LOCAL","name":"PROGRAM DATA@TEST_DC.LOCAL","distinguishedname":"CN=PROGRAM DATA,DC=TEST_DC,DC=LOCAL","domainsid":"S-1-5-21-2833959394-2293988375-3349515563","highvalue":false},"ChildObjects":[],"Aces":[{"PrincipalSID":"S-1-5-21-2833959394-2293988375-3349515563-512","PrincipalType":"Group","RightName":"Owns","IsInherited":false},{"PrincipalSID":"S-1-5-21-2833959394-2293988375-3349515563-512","PrincipalType":"Group","RightName":"GenericAll","IsInherited":false},{"PrincipalSID":"S-1-5-21-2833959394-2293988375-3349515563-519","PrincipalType":"Group","RightName":"GenericAll","IsInherited":true},{"PrincipalSID":"TEST_DC.LOCAL-S-1-5-32-544","PrincipalType":"Group","RightName":"WriteDacl","IsInherited":true},{"PrincipalSID":"TEST_DC.LOCAL-S-1-5-32-544","PrincipalType":"Group","RightName":"WriteOwner","IsInherited":true}],"ObjectIdentifier":"FDF5BA8D-7748-4D6D-A29F-FDA818FF5DCC","IsDeleted":false,"IsACLProtected":false},{"Properties":{"domain":"TEST_DC.LOCAL","name":"PSPS@TEST_DC.LOCAL","distinguishedname":"CN=PSPS,CN=SYSTEM,DC=TEST_DC,DC=LOCAL","domainsid":"S-1-5-21-2833959394-2293988375-3349515563","highvalue":false},"ChildObjects":[],"Aces":[{"PrincipalSID":"S-1-5-21-2833959394-2293988375-3349515563-512","PrincipalType":"Group","RightName":"Owns","IsInherited":false},{"PrincipalSID":"S-1-5-21-2833959394-2293988375-3349515563-512","PrincipalType":"Group","RightName":"GenericAll","IsInherited":false},{"PrincipalSID":"S-1-5-21-2833959394-2293988375-3349515563-519","PrincipalType":"Group","RightName":"GenericAll","IsInherited":true},{"PrincipalSID":"TEST_DC.LOCAL-S-1-5-32-544","PrincipalType":"Group","RightName":"WriteDacl","IsInherited":true},{"PrincipalSID":"TEST_DC.LOCAL-S-1-5-32-544","PrincipalType":"Group","RightName":"WriteOwner","IsInherited":true}],"ObjectIdentifier":"1B5D53B0-356B-480C-B7B2-955B910DE7FB","IsDeleted":false,"IsACLProtected":false},{"Properties":{"domain":"TEST_DC.LOCAL","name":"POLICIES@TEST_DC.LOCAL","distinguishedname":"CN=POLICIES,CN=SYSTEM,DC=TEST_DC,DC=LOCAL","domainsid":"S-1-5-21-2833959394-2293988375-3349515563","highvalue":false},"ChildObjects":[],"Aces":[{"PrincipalSID":"S-1-5-21-2833959394-2293988375-3349515563-512","PrincipalType":"Group","RightName":"Owns","IsInherited":false},{"PrincipalSID":"S-1-5-21-2833959394-2293988375-3349515563-512","PrincipalType":"Group","RightName":"WriteDacl","IsInherited":false},{"PrincipalSID":"S-1-5-21-2833959394-2293988375-3349515563-512","PrincipalType":"Group","RightName":"WriteOwner","IsInherited":false},{"PrincipalSID":"S-1-5-21-2833959394-2293988375-3349515563-519","PrincipalType":"Group","RightName":"GenericAll","IsInherited":true},{"PrincipalSID":"TEST_DC.LOCAL-S-1-5-32-544","PrincipalType":"Group","RightName":"WriteDacl","IsInherited":true},{"PrincipalSID":"TEST_DC.LOCAL-S-1-5-32-544","PrincipalType":"Group","RightName":"WriteOwner","IsInherited":true}],"ObjectIdentifier":"48CD7D22-DE8A-4347-BDEA-DFE0F9781E51","IsDeleted":false,"IsACLProtected":false},{"Properties":{"domain":"TEST_DC.LOCAL","name":"MANAGED SERVICE ACCOUNTS@TEST_DC.LOCAL","distinguishedname":"CN=MANAGED SERVICE ACCOUNTS,DC=TEST_DC,DC=LOCAL","domainsid":"S-1-5-21-2833959394-2293988375-3349515563","highvalue":false},"ChildObjects":[],"Aces":[{"PrincipalSID":"S-1-5-21-2833959394-2293988375-3349515563-512","PrincipalType":"Group","RightName":"Owns","IsInherited":false},{"PrincipalSID":"S-1-5-21-2833959394-2293988375-3349515563-512","PrincipalType":"Group","RightName":"WriteDacl","IsInherited":false},{"PrincipalSID":"S-1-5-21-2833959394-2293988375-3349515563-512","PrincipalType":"Group","RightName":"WriteOwner","IsInherited":false},{"PrincipalSID":"S-1-5-21-2833959394-2293988375-3349515563-519","PrincipalType":"Group","RightName":"GenericAll","IsInherited":true},{"PrincipalSID":"TEST_DC.LOCAL-S-1-5-32-544","PrincipalType":"Group","RightName":"WriteDacl","IsInherited":true},{"PrincipalSID":"TEST_DC.LOCAL-S-1-5-32-544","PrincipalType":"Group","RightName":"WriteOwner","IsInherited":true}],"ObjectIdentifier":"64272A7A-42E4-43A3-8FDF-D1A87AA71D3A","IsDeleted":false,"IsACLProtected":false},{"Properties":{"domain":"TEST_DC.LOCAL","name":"FOREIGNSECURITYPRINCIPALS@TEST_DC.LOCAL","distinguishedname":"CN=FOREIGNSECURITYPRINCIPALS,DC=TEST_DC,DC=LOCAL","domainsid":"S-1-5-21-2833959394-2293988375-3349515563","highvalue":false},"ChildObjects":[],"Aces":[{"PrincipalSID":"S-1-5-21-2833959394-2293988375-3349515563-512","PrincipalType":"Group","RightName":"Owns","IsInherited":false},{"PrincipalSID":"S-1-5-21-2833959394-2293988375-3349515563-512","PrincipalType":"Group","RightName":"GenericAll","IsInherited":false},{"PrincipalSID":"S-1-5-21-2833959394-2293988375-3349515563-519","PrincipalType":"Group","RightName":"GenericAll","IsInherited":true},{"PrincipalSID":"TEST_DC.LOCAL-S-1-5-32-544","PrincipalType":"Group","RightName":"WriteDacl","IsInherited":true},{"PrincipalSID":"TEST_DC.LOCAL-S-1-5-32-544","PrincipalType":"Group","RightName":"WriteOwner","IsInherited":true}],"ObjectIdentifier":"2CC58F58-5CF5-44A6-B1D4-18FF847F13C9","IsDeleted":false,"IsACLProtected":false},{"Properties":{"domain":"TEST_DC.LOCAL","name":"USERS@TEST_DC.LOCAL","distinguishedname":"CN=USERS,DC=TEST_DC,DC=LOCAL","domainsid":"S-1-5-21-2833959394-2293988375-3349515563","highvalue":false},"ChildObjects":[{"ObjectIdentifier":"S-1-5-21-2833959394-2293988375-3349515563-1103","ObjectType":"User"},{"ObjectIdentifier":"S-1-5-21-2833959394-2293988375-3349515563-500","ObjectType":"User"},{"ObjectIdentifier":"S-1-5-21-2833959394-2293988375-3349515563-571","ObjectType":"Group"},{"ObjectIdentifier":"S-1-5-21-2833959394-2293988375-3349515563-517","ObjectType":"Group"},{"ObjectIdentifier":"S-1-5-21-2833959394-2293988375-3349515563-522","ObjectType":"Group"},{"ObjectIdentifier":"S-1-5-21-2833959394-2293988375-3349515563-572","ObjectType":"Group"},{"ObjectIdentifier":"S-1-5-21-2833959394-2293988375-3349515563-1101","ObjectType":"Group"},{"ObjectIdentifier":"S-1-5-21-2833959394-2293988375-3349515563-1102","ObjectType":"Group"},{"ObjectIdentifier":"S-1-5-21-2833959394-2293988375-3349515563-512","ObjectType":"Group"},{"ObjectIdentifier":"S-1-5-21-2833959394-2293988375-3349515563-515","ObjectType":"Group"},{"ObjectIdentifier":"S-1-5-21-2833959394-2293988375-3349515563-516","ObjectType":"Group"},{"ObjectIdentifier":"S-1-5-21-2833959394-2293988375-3349515563-514","ObjectType":"Group"},{"ObjectIdentifier":"S-1-5-21-2833959394-2293988375-3349515563-513","ObjectType":"Group"},{"ObjectIdentifier":"S-1-5-21-2833959394-2293988375-3349515563-519","ObjectType":"Group"},{"ObjectIdentifier":"S-1-5-21-2833959394-2293988375-3349515563-527","ObjectType":"Group"},{"ObjectIdentifier":"S-1-5-21-2833959394-2293988375-3349515563-498","ObjectType":"Group"},{"ObjectIdentifier":"S-1-5-21-2833959394-2293988375-3349515563-520","ObjectType":"Group"},{"ObjectIdentifier":"S-1-5-21-2833959394-2293988375-3349515563-501","ObjectType":"User"},{"ObjectIdentifier":"S-1-5-21-2833959394-2293988375-3349515563-526","ObjectType":"Group"},{"ObjectIdentifier":"S-1-5-21-2833959394-2293988375-3349515563-1116","ObjectType":"User"},{"ObjectIdentifier":"S-1-5-21-2833959394-2293988375-3349515563-1112","ObjectType":"User"},{"ObjectIdentifier":"S-1-5-21-2833959394-2293988375-3349515563-502","ObjectType":"User"},{"ObjectIdentifier":"S-1-5-21-2833959394-2293988375-3349515563-525","ObjectType":"Group"},{"ObjectIdentifier":"S-1-5-21-2833959394-2293988375-3349515563-553","ObjectType":"Group"},{"ObjectIdentifier":"S-1-5-21-2833959394-2293988375-3349515563-521","ObjectType":"Group"},{"ObjectIdentifier":"S-1-5-21-2833959394-2293988375-3349515563-518","ObjectType":"Group"},{"ObjectIdentifier":"S-1-5-21-2833959394-2293988375-3349515563-1109","ObjectType":"User"},{"ObjectIdentifier":"S-1-5-21-2833959394-2293988375-3349515563-1107","ObjectType":"User"},{"ObjectIdentifier":"S-1-5-21-2833959394-2293988375-3349515563-1113","ObjectType":"User"},{"ObjectIdentifier":"S-1-5-21-2833959394-2293988375-3349515563-1108","ObjectType":"User"},{"ObjectIdentifier":"S-1-5-21-2833959394-2293988375-3349515563-1114","ObjectType":"User"},{"ObjectIdentifier":"S-1-5-21-2833959394-2293988375-3349515563-1106","ObjectType":"User"}],"Aces":[{"PrincipalSID":"S-1-5-21-2833959394-2293988375-3349515563-512","PrincipalType":"Group","RightName":"Owns","IsInherited":false},{"PrincipalSID":"S-1-5-21-2833959394-2293988375-3349515563-512","PrincipalType":"Group","RightName":"WriteDacl","IsInherited":false},{"PrincipalSID":"S-1-5-21-2833959394-2293988375-3349515563-512","PrincipalType":"Group","RightName":"WriteOwner","IsInherited":false},{"PrincipalSID":"S-1-5-21-2833959394-2293988375-3349515563-519","PrincipalType":"Group","RightName":"GenericAll","IsInherited":true},{"PrincipalSID":"TEST_DC.LOCAL-S-1-5-32-544","PrincipalType":"Group","RightName":"WriteDacl","IsInherited":true},{"PrincipalSID":"TEST_DC.LOCAL-S-1-5-32-544","PrincipalType":"Group","RightName":"WriteOwner","IsInherited":true}],"ObjectIdentifier":"6B3F2DCB-9669-441A-A399-53A4AB89A9A4","IsDeleted":false,"IsACLProtected":false}],"meta":{"methods":29695,"type":"containers","count":21,"version":5}}