﻿{"data":[{"GPOChanges":{"LocalAdmins":[],"RemoteDesktopUsers":[],"DcomUsers":[],"PSRemoteUsers":[],"AffectedComputers":[{"ObjectIdentifier":"S-1-5-21-2833959394-2293988375-3349515563-1000","ObjectType":"Computer"}]},"Properties":{"domain":"TEST_DC.LOCAL","name":"DOMAIN CONTROLLERS@TEST_DC.LOCAL","distinguishedname":"OU=DOMAIN CONTROLLERS,DC=TEST_DC,DC=LOCAL","domainsid":"S-1-5-21-2833959394-2293988375-3349515563","highvalue":false,"description":"Default container for domain controllers","whencreated":1746466468,"blocksinheritance":false},"Links":[{"IsEnforced":false,"GUID":"E33D1EDE-EBEC-479A-9331-C599A0118109"}],"ChildObjects":[{"ObjectIdentifier":"S-1-5-21-2833959394-2293988375-3349515563-1000","ObjectType":"Computer"}],"Aces":[{"PrincipalSID":"S-1-5-21-2833959394-2293988375-3349515563-512","PrincipalType":"Group","RightName":"Owns","IsInherited":false},{"PrincipalSID":"S-1-5-21-2833959394-2293988375-3349515563-512","PrincipalType":"Group","RightName":"WriteDacl","IsInherited":false},{"PrincipalSID":"S-1-5-21-2833959394-2293988375-3349515563-512","PrincipalType":"Group","RightName":"WriteOwner","IsInherited":false},{"PrincipalSID":"S-1-5-21-2833959394-2293988375-3349515563-519","PrincipalType":"Group","RightName":"GenericAll","IsInherited":true},{"PrincipalSID":"TEST_DC.LOCAL-S-1-5-32-544","PrincipalType":"Group","RightName":"WriteDacl","IsInherited":true},{"PrincipalSID":"TEST_DC.LOCAL-S-1-5-32-544","PrincipalType":"Group","RightName":"WriteOwner","IsInherited":true}],"ObjectIdentifier":"EC60E001-9436-465E-921C-C32F58B9536D","IsDeleted":false,"IsACLProtected":false},{"GPOChanges":{"LocalAdmins":[],"RemoteDesktopUsers":[],"DcomUsers":[],"PSRemoteUsers":[],"AffectedComputers":[{"ObjectIdentifier":"S-1-5-21-2833959394-2293988375-3349515563-1104","ObjectType":"Computer"},{"ObjectIdentifier":"S-1-5-21-2833959394-2293988375-3349515563-1105","ObjectType":"Computer"}]},"Properties":{"domain":"TEST_DC.LOCAL","name":"TEST@TEST_DC.LOCAL","distinguishedname":"OU=TEST,DC=TEST_DC,DC=LOCAL","domainsid":"S-1-5-21-2833959394-2293988375-3349515563","highvalue":false,"description":null,"whencreated":1746532210,"blocksinheritance":false},"Links":[{"IsEnforced":true,"GUID":"7A2BFB59-3D6B-428D-8B22-7B18B738824A"},{"IsEnforced":false,"GUID":"567E43B5-0F03-49B2-A614-82AE1A4A5C9F"}],"ChildObjects":[{"ObjectIdentifier":"S-1-5-21-2833959394-2293988375-3349515563-1105","ObjectType":"Computer"},{"ObjectIdentifier":"S-1-5-21-2833959394-2293988375-3349515563-1104","ObjectType":"Computer"}],"Aces":[{"PrincipalSID":"S-1-5-21-2833959394-2293988375-3349515563-512","PrincipalType":"Group","RightName":"Owns","IsInherited":false},{"PrincipalSID":"S-1-5-21-2833959394-2293988375-3349515563-512","PrincipalType":"Group","RightName":"GenericAll","IsInherited":false},{"PrincipalSID":"S-1-5-21-2833959394-2293988375-3349515563-519","PrincipalType":"Group","RightName":"GenericAll","IsInherited":true},{"PrincipalSID":"TEST_DC.LOCAL-S-1-5-32-544","PrincipalType":"Group","RightName":"WriteDacl","IsInherited":true},{"PrincipalSID":"TEST_DC.LOCAL-S-1-5-32-544","PrincipalType":"Group","RightName":"WriteOwner","IsInherited":true}],"ObjectIdentifier":"9C9892F5-7FF3-47E7-B993-000AD290E813","IsDeleted":false,"IsACLProtected":false}],"meta":{"methods":29695,"type":"ous","count":2,"version":5}}