﻿{"data":[{"GPOChanges":{"LocalAdmins":[],"RemoteDesktopUsers":[],"DcomUsers":[],"PSRemoteUsers":[],"AffectedComputers":[{"ObjectIdentifier":"S-1-5-21-2833959394-2293988375-3349515563-1000","ObjectType":"Computer"},{"ObjectIdentifier":"S-1-5-21-2833959394-2293988375-3349515563-1104","ObjectType":"Computer"},{"ObjectIdentifier":"S-1-5-21-2833959394-2293988375-3349515563-1105","ObjectType":"Computer"}]},"Properties":{"domain":"TEST_DC.LOCAL","name":"TEST_DC.LOCAL","distinguishedname":"DC=TEST_DC,DC=LOCAL","domainsid":"S-1-5-21-2833959394-2293988375-3349515563","highvalue":true,"description":null,"whencreated":1746466460,"functionallevel":"2016"},"ChildObjects":[{"ObjectIdentifier":"F1B14A5B-092B-480E-903B-F6B7920AA2E9","ObjectType":"Container"},{"ObjectIdentifier":"EC60E001-9436-465E-921C-C32F58B9536D","ObjectType":"OU"},{"ObjectIdentifier":"2CC58F58-5CF5-44A6-B1D4-18FF847F13C9","ObjectType":"Container"},{"ObjectIdentifier":"64272A7A-42E4-43A3-8FDF-D1A87AA71D3A","ObjectType":"Container"},{"ObjectIdentifier":"9C9892F5-7FF3-47E7-B993-000AD290E813","ObjectType":"OU"},{"ObjectIdentifier":"6B3F2DCB-9669-441A-A399-53A4AB89A9A4","ObjectType":"Container"}],"Trusts":[],"Links":[{"IsEnforced":false,"GUID":"9E4A6EE7-1873-4E74-81AF-3FE47EA72311"}],"Aces":[{"PrincipalSID":"TEST_DC.LOCAL-S-1-5-32-544","PrincipalType":"Group","RightName":"Owns","IsInherited":false},{"PrincipalSID":"TEST_DC.LOCAL-S-1-5-32-544","PrincipalType":"Group","RightName":"WriteDacl","IsInherited":false},{"PrincipalSID":"TEST_DC.LOCAL-S-1-5-32-544","PrincipalType":"Group","RightName":"WriteOwner","IsInherited":false},{"PrincipalSID":"TEST_DC.LOCAL-S-1-5-32-544","PrincipalType":"Group","RightName":"AllExtendedRights","IsInherited":false},{"PrincipalSID":"S-1-5-21-2833959394-2293988375-3349515563-512","PrincipalType":"Group","RightName":"WriteDacl","IsInherited":false},{"PrincipalSID":"S-1-5-21-2833959394-2293988375-3349515563-512","PrincipalType":"Group","RightName":"WriteOwner","IsInherited":false},{"PrincipalSID":"S-1-5-21-2833959394-2293988375-3349515563-512","PrincipalType":"Group","RightName":"AllExtendedRights","IsInherited":false},{"PrincipalSID":"S-1-5-21-2833959394-2293988375-3349515563-519","PrincipalType":"Group","RightName":"GenericAll","IsInherited":false},{"PrincipalSID":"TEST_DC.LOCAL-S-1-5-9","PrincipalType":"Group","RightName":"GetChanges","IsInherited":false},{"PrincipalSID":"TEST_DC.LOCAL-S-1-5-9","PrincipalType":"Group","RightName":"GetChangesInFilteredSet","IsInherited":false},{"PrincipalSID":"TEST_DC.LOCAL-S-1-5-32-544","PrincipalType":"Group","RightName":"GetChangesAll","IsInherited":false},{"PrincipalSID":"TEST_DC.LOCAL-S-1-5-32-544","PrincipalType":"Group","RightName":"GetChanges","IsInherited":false},{"PrincipalSID":"TEST_DC.LOCAL-S-1-5-32-544","PrincipalType":"Group","RightName":"GetChangesInFilteredSet","IsInherited":false},{"PrincipalSID":"S-1-5-21-2833959394-2293988375-3349515563-498","PrincipalType":"Group","RightName":"GetChanges","IsInherited":false},{"PrincipalSID":"S-1-5-21-2833959394-2293988375-3349515563-516","PrincipalType":"Group","RightName":"GetChangesAll","IsInherited":false}],"ObjectIdentifier":"S-1-5-21-2833959394-2293988375-3349515563","IsDeleted":false,"IsACLProtected":false}],"meta":{"methods":29695,"type":"domains","count":1,"version":5}}