﻿{"data":[{"Properties":{"domain":"TEST_DC.LOCAL","name":"DEFAULT DOMAIN POLICY@TEST_DC.LOCAL","distinguishedname":"CN={31B2F340-016D-11D2-945F-00C04FB984F9},CN=POLICIES,CN=SYSTEM,DC=TEST_DC,DC=LOCAL","domainsid":"S-1-5-21-2833959394-2293988375-3349515563","highvalue":false,"description":null,"whencreated":1746466468,"gpcpath":"\\\\TEST_DC.LOCAL\\SYSVOL\\TEST_DC.LOCAL\\POLICIES\\{31B2F340-016D-11D2-945F-00C04FB984F9}"},"Aces":[{"PrincipalSID":"S-1-5-21-2833959394-2293988375-3349515563-512","PrincipalType":"Group","RightName":"Owns","IsInherited":false},{"PrincipalSID":"S-1-5-21-2833959394-2293988375-3349515563-512","PrincipalType":"Group","RightName":"WriteDacl","IsInherited":false},{"PrincipalSID":"S-1-5-21-2833959394-2293988375-3349515563-512","PrincipalType":"Group","RightName":"WriteOwner","IsInherited":false},{"PrincipalSID":"S-1-5-21-2833959394-2293988375-3349515563-512","PrincipalType":"Group","RightName":"GenericWrite","IsInherited":false},{"PrincipalSID":"S-1-5-21-2833959394-2293988375-3349515563-512","PrincipalType":"Group","RightName":"WriteDacl","IsInherited":false},{"PrincipalSID":"S-1-5-21-2833959394-2293988375-3349515563-512","PrincipalType":"Group","RightName":"WriteOwner","IsInherited":false},{"PrincipalSID":"S-1-5-21-2833959394-2293988375-3349515563-512","PrincipalType":"Group","RightName":"GenericWrite","IsInherited":false},{"PrincipalSID":"S-1-5-21-2833959394-2293988375-3349515563-519","PrincipalType":"Group","RightName":"WriteDacl","IsInherited":false},{"PrincipalSID":"S-1-5-21-2833959394-2293988375-3349515563-519","PrincipalType":"Group","RightName":"WriteOwner","IsInherited":false},{"PrincipalSID":"S-1-5-21-2833959394-2293988375-3349515563-519","PrincipalType":"Group","RightName":"GenericWrite","IsInherited":false}],"ObjectIdentifier":"9E4A6EE7-1873-4E74-81AF-3FE47EA72311","IsDeleted":false,"IsACLProtected":true},{"Properties":{"domain":"TEST_DC.LOCAL","name":"TEST SCRIPT ADVANCED AUDIT@TEST_DC.LOCAL","distinguishedname":"CN={90141C9F-0663-47F1-A13D-9C0C4DE046E4},CN=POLICIES,CN=SYSTEM,DC=TEST_DC,DC=LOCAL","domainsid":"S-1-5-21-2833959394-2293988375-3349515563","highvalue":false,"description":null,"whencreated":1748355428,"gpcpath":"\\\\TEST_DC.LOCAL\\SYSVOL\\TEST_DC.LOCAL\\POLICIES\\{90141C9F-0663-47F1-A13D-9C0C4DE046E4}"},"Aces":[{"PrincipalSID":"S-1-5-21-2833959394-2293988375-3349515563-512","PrincipalType":"Group","RightName":"Owns","IsInherited":false},{"PrincipalSID":"S-1-5-21-2833959394-2293988375-3349515563-512","PrincipalType":"Group","RightName":"WriteDacl","IsInherited":false},{"PrincipalSID":"S-1-5-21-2833959394-2293988375-3349515563-512","PrincipalType":"Group","RightName":"WriteOwner","IsInherited":false},{"PrincipalSID":"S-1-5-21-2833959394-2293988375-3349515563-512","PrincipalType":"Group","RightName":"GenericWrite","IsInherited":false},{"PrincipalSID":"S-1-5-21-2833959394-2293988375-3349515563-519","PrincipalType":"Group","RightName":"WriteDacl","IsInherited":false},{"PrincipalSID":"S-1-5-21-2833959394-2293988375-3349515563-519","PrincipalType":"Group","RightName":"WriteOwner","IsInherited":false},{"PrincipalSID":"S-1-5-21-2833959394-2293988375-3349515563-519","PrincipalType":"Group","RightName":"GenericWrite","IsInherited":false}],"ObjectIdentifier":"7A2BFB59-3D6B-428D-8B22-7B18B738824A","IsDeleted":false,"IsACLProtected":true},{"Properties":{"domain":"TEST_DC.LOCAL","name":"DEFAULT DOMAIN CONTROLLERS POLICY@TEST_DC.LOCAL","distinguishedname":"CN={6AC1786C-016F-11D2-945F-00C04FB984F9},CN=POLICIES,CN=SYSTEM,DC=TEST_DC,DC=LOCAL","domainsid":"S-1-5-21-2833959394-2293988375-3349515563","highvalue":false,"description":null,"whencreated":1746466468,"gpcpath":"\\\\TEST_DC.LOCAL\\SYSVOL\\TEST_DC.LOCAL\\POLICIES\\{6AC1786C-016F-11D2-945F-00C04FB984F9}"},"Aces":[{"PrincipalSID":"S-1-5-21-2833959394-2293988375-3349515563-512","PrincipalType":"Group","RightName":"Owns","IsInherited":false},{"PrincipalSID":"S-1-5-21-2833959394-2293988375-3349515563-512","PrincipalType":"Group","RightName":"WriteDacl","IsInherited":false},{"PrincipalSID":"S-1-5-21-2833959394-2293988375-3349515563-512","PrincipalType":"Group","RightName":"WriteOwner","IsInherited":false},{"PrincipalSID":"S-1-5-21-2833959394-2293988375-3349515563-512","PrincipalType":"Group","RightName":"GenericWrite","IsInherited":false},{"PrincipalSID":"S-1-5-21-2833959394-2293988375-3349515563-512","PrincipalType":"Group","RightName":"WriteDacl","IsInherited":false},{"PrincipalSID":"S-1-5-21-2833959394-2293988375-3349515563-512","PrincipalType":"Group","RightName":"WriteOwner","IsInherited":false},{"PrincipalSID":"S-1-5-21-2833959394-2293988375-3349515563-512","PrincipalType":"Group","RightName":"GenericWrite","IsInherited":false},{"PrincipalSID":"S-1-5-21-2833959394-2293988375-3349515563-519","PrincipalType":"Group","RightName":"WriteDacl","IsInherited":false},{"PrincipalSID":"S-1-5-21-2833959394-2293988375-3349515563-519","PrincipalType":"Group","RightName":"WriteOwner","IsInherited":false},{"PrincipalSID":"S-1-5-21-2833959394-2293988375-3349515563-519","PrincipalType":"Group","RightName":"GenericWrite","IsInherited":false}],"ObjectIdentifier":"E33D1EDE-EBEC-479A-9331-C599A0118109","IsDeleted":false,"IsACLProtected":true},{"Properties":{"domain":"TEST_DC.LOCAL","name":"ADVANCED AUDITS@TEST_DC.LOCAL","distinguishedname":"CN={E9284A2E-DD49-4517-AEB7-61C04EBEE24A},CN=POLICIES,CN=SYSTEM,DC=TEST_DC,DC=LOCAL","domainsid":"S-1-5-21-2833959394-2293988375-3349515563","highvalue":false,"description":null,"whencreated":1746970538,"gpcpath":"\\\\TEST_DC.LOCAL\\SYSVOL\\TEST_DC.LOCAL\\POLICIES\\{E9284A2E-DD49-4517-AEB7-61C04EBEE24A}"},"Aces":[{"PrincipalSID":"S-1-5-21-2833959394-2293988375-3349515563-512","PrincipalType":"Group","RightName":"Owns","IsInherited":false},{"PrincipalSID":"S-1-5-21-2833959394-2293988375-3349515563-512","PrincipalType":"Group","RightName":"WriteDacl","IsInherited":false},{"PrincipalSID":"S-1-5-21-2833959394-2293988375-3349515563-512","PrincipalType":"Group","RightName":"WriteOwner","IsInherited":false},{"PrincipalSID":"S-1-5-21-2833959394-2293988375-3349515563-512","PrincipalType":"Group","RightName":"GenericWrite","IsInherited":false},{"PrincipalSID":"S-1-5-21-2833959394-2293988375-3349515563-519","PrincipalType":"Group","RightName":"WriteDacl","IsInherited":false},{"PrincipalSID":"S-1-5-21-2833959394-2293988375-3349515563-519","PrincipalType":"Group","RightName":"WriteOwner","IsInherited":false},{"PrincipalSID":"S-1-5-21-2833959394-2293988375-3349515563-519","PrincipalType":"Group","RightName":"GenericWrite","IsInherited":false}],"ObjectIdentifier":"FE1BCB1B-14D1-429A-A915-A20B06C98ADC","IsDeleted":false,"IsACLProtected":true},{"Properties":{"domain":"TEST_DC.LOCAL","name":"WINRM@TEST_DC.LOCAL","distinguishedname":"CN={E266C316-57BD-43B0-8AD7-5E0455CB5BDE},CN=POLICIES,CN=SYSTEM,DC=TEST_DC,DC=LOCAL","domainsid":"S-1-5-21-2833959394-2293988375-3349515563","highvalue":false,"description":null,"whencreated":1746532382,"gpcpath":"\\\\TEST_DC.LOCAL\\SYSVOL\\TEST_DC.LOCAL\\POLICIES\\{E266C316-57BD-43B0-8AD7-5E0455CB5BDE}"},"Aces":[{"PrincipalSID":"S-1-5-21-2833959394-2293988375-3349515563-512","PrincipalType":"Group","RightName":"Owns","IsInherited":false},{"PrincipalSID":"S-1-5-21-2833959394-2293988375-3349515563-512","PrincipalType":"Group","RightName":"WriteDacl","IsInherited":false},{"PrincipalSID":"S-1-5-21-2833959394-2293988375-3349515563-512","PrincipalType":"Group","RightName":"WriteOwner","IsInherited":false},{"PrincipalSID":"S-1-5-21-2833959394-2293988375-3349515563-512","PrincipalType":"Group","RightName":"GenericWrite","IsInherited":false},{"PrincipalSID":"S-1-5-21-2833959394-2293988375-3349515563-519","PrincipalType":"Group","RightName":"WriteDacl","IsInherited":false},{"PrincipalSID":"S-1-5-21-2833959394-2293988375-3349515563-519","PrincipalType":"Group","RightName":"WriteOwner","IsInherited":false},{"PrincipalSID":"S-1-5-21-2833959394-2293988375-3349515563-519","PrincipalType":"Group","RightName":"GenericWrite","IsInherited":false}],"ObjectIdentifier":"567E43B5-0F03-49B2-A614-82AE1A4A5C9F","IsDeleted":false,"IsACLProtected":true}],"meta":{"methods":29695,"type":"gpos","count":5,"version":5}}