﻿{"data":[{"Properties":{"domain":"TEST_DC.LOCAL","name":"SERVICE_.TEST@TEST_DC.LOCAL","distinguishedname":"CN=SERVICE_.TEST,CN=USERS,DC=TEST_DC,DC=LOCAL","domainsid":"S-1-5-21-2833959394-2293988375-3349515563","highvalue":false,"samaccountname":"service_.test","description":null,"whencreated":1750868652,"sensitive":false,"dontreqpreauth":false,"passwordnotreqd":false,"unconstraineddelegation":false,"pwdneverexpires":true,"enabled":true,"trustedtoauth":false,"lastlogon":1750857875,"lastlogontimestamp":1750857875,"pwdlastset":1750857852,"serviceprincipalnames":[],"hasspn":false,"displayname":"service_.test","email":null,"title":null,"homedirectory":null,"userpassword":null,"unixpassword":null,"unicodepassword":null,"sfupassword":null,"logonscript":null,"admincount":false,"sidhistory":[]},"AllowedToDelegate":[],"PrimaryGroupSID":"S-1-5-21-2833959394-2293988375-3349515563-513","HasSIDHistory":[],"SPNTargets":[],"Aces":[{"PrincipalSID":"S-1-5-21-2833959394-2293988375-3349515563-512","PrincipalType":"Group","RightName":"Owns","IsInherited":false},{"PrincipalSID":"TEST_DC.LOCAL-S-1-5-32-548","PrincipalType":"Group","RightName":"GenericAll","IsInherited":false},{"PrincipalSID":"S-1-5-21-2833959394-2293988375-3349515563-512","PrincipalType":"Group","RightName":"GenericAll","IsInherited":false},{"PrincipalSID":"S-1-5-21-2833959394-2293988375-3349515563-526","PrincipalType":"Group","RightName":"AddKeyCredentialLink","IsInherited":true},{"PrincipalSID":"S-1-5-21-2833959394-2293988375-3349515563-527","PrincipalType":"Group","RightName":"AddKeyCredentialLink","IsInherited":true},{"PrincipalSID":"S-1-5-21-2833959394-2293988375-3349515563-519","PrincipalType":"Group","RightName":"GenericAll","IsInherited":true},{"PrincipalSID":"TEST_DC.LOCAL-S-1-5-32-544","PrincipalType":"Group","RightName":"WriteDacl","IsInherited":true},{"PrincipalSID":"TEST_DC.LOCAL-S-1-5-32-544","PrincipalType":"Group","RightName":"WriteOwner","IsInherited":true},{"PrincipalSID":"TEST_DC.LOCAL-S-1-5-32-544","PrincipalType":"Group","RightName":"AllExtendedRights","IsInherited":true},{"PrincipalSID":"TEST_DC.LOCAL-S-1-5-32-544","PrincipalType":"Group","RightName":"GenericWrite","IsInherited":true}],"ObjectIdentifier":"S-1-5-21-2833959394-2293988375-3349515563-1109","IsDeleted":false,"IsACLProtected":false},{"Properties":{"domain":"TEST_DC.LOCAL","name":"TEST.CF@TEST_DC.LOCAL","distinguishedname":"CN=TEST CF,CN=USERS,DC=TEST_DC,DC=LOCAL","domainsid":"S-1-5-21-2833959394-2293988375-3349515563","highvalue":false,"samaccountname":"Test.Cf","description":null,"whencreated":1751194051,"sensitive":false,"dontreqpreauth":false,"passwordnotreqd":false,"unconstraineddelegation":false,"pwdneverexpires":true,"enabled":true,"trustedtoauth":false,"lastlogon":1751183307,"lastlogontimestamp":1751183307,"pwdlastset":1751183251,"serviceprincipalnames":[],"hasspn":false,"displayname":"test cf","email":null,"title":null,"homedirectory":null,"userpassword":null,"unixpassword":null,"unicodepassword":null,"sfupassword":null,"logonscript":null,"admincount":true,"sidhistory":[]},"AllowedToDelegate":[],"PrimaryGroupSID":"S-1-5-21-2833959394-2293988375-3349515563-513","HasSIDHistory":[],"SPNTargets":[],"Aces":[{"PrincipalSID":"S-1-5-21-2833959394-2293988375-3349515563-512","PrincipalType":"Group","RightName":"Owns","IsInherited":false},{"PrincipalSID":"TEST_DC.LOCAL-S-1-5-32-544","PrincipalType":"Group","RightName":"WriteDacl","IsInherited":false},{"PrincipalSID":"TEST_DC.LOCAL-S-1-5-32-544","PrincipalType":"Group","RightName":"WriteOwner","IsInherited":false},{"PrincipalSID":"TEST_DC.LOCAL-S-1-5-32-544","PrincipalType":"Group","RightName":"AllExtendedRights","IsInherited":false},{"PrincipalSID":"TEST_DC.LOCAL-S-1-5-32-544","PrincipalType":"Group","RightName":"GenericWrite","IsInherited":false},{"PrincipalSID":"S-1-5-21-2833959394-2293988375-3349515563-512","PrincipalType":"Group","RightName":"WriteDacl","IsInherited":false},{"PrincipalSID":"S-1-5-21-2833959394-2293988375-3349515563-512","PrincipalType":"Group","RightName":"WriteOwner","IsInherited":false},{"PrincipalSID":"S-1-5-21-2833959394-2293988375-3349515563-512","PrincipalType":"Group","RightName":"AllExtendedRights","IsInherited":false},{"PrincipalSID":"S-1-5-21-2833959394-2293988375-3349515563-512","PrincipalType":"Group","RightName":"GenericWrite","IsInherited":false},{"PrincipalSID":"S-1-5-21-2833959394-2293988375-3349515563-519","PrincipalType":"Group","RightName":"WriteDacl","IsInherited":false},{"PrincipalSID":"S-1-5-21-2833959394-2293988375-3349515563-519","PrincipalType":"Group","RightName":"WriteOwner","IsInherited":false},{"PrincipalSID":"S-1-5-21-2833959394-2293988375-3349515563-519","PrincipalType":"Group","RightName":"AllExtendedRights","IsInherited":false},{"PrincipalSID":"S-1-5-21-2833959394-2293988375-3349515563-519","PrincipalType":"Group","RightName":"GenericWrite","IsInherited":false}],"ObjectIdentifier":"S-1-5-21-2833959394-2293988375-3349515563-1114","IsDeleted":false,"IsACLProtected":true},{"Properties":{"domain":"TEST_DC.LOCAL","name":"KHAFAGY@TEST_DC.LOCAL","distinguishedname":"CN=KHAFAGY,CN=USERS,DC=TEST_DC,DC=LOCAL","domainsid":"S-1-5-21-2833959394-2293988375-3349515563","highvalue":false,"samaccountname":"khafagy","description":null,"whencreated":1752064433,"sensitive":false,"dontreqpreauth":false,"passwordnotreqd":false,"unconstraineddelegation":false,"pwdneverexpires":false,"enabled":true,"trustedtoauth":false,"lastlogon":1752198666,"lastlogontimestamp":1752053876,"pwdlastset":1752053633,"serviceprincipalnames":[],"hasspn":false,"displayname":"khafagy","email":null,"title":null,"homedirectory":null,"userpassword":null,"unixpassword":null,"unicodepassword":null,"sfupassword":null,"logonscript":null,"admincount":false,"sidhistory":[]},"AllowedToDelegate":[],"PrimaryGroupSID":"S-1-5-21-2833959394-2293988375-3349515563-513","HasSIDHistory":[],"SPNTargets":[],"Aces":[{"PrincipalSID":"S-1-5-21-2833959394-2293988375-3349515563-512","PrincipalType":"Group","RightName":"Owns","IsInherited":false},{"PrincipalSID":"TEST_DC.LOCAL-S-1-5-32-548","PrincipalType":"Group","RightName":"GenericAll","IsInherited":false},{"PrincipalSID":"S-1-5-21-2833959394-2293988375-3349515563-512","PrincipalType":"Group","RightName":"GenericAll","IsInherited":false},{"PrincipalSID":"S-1-5-21-2833959394-2293988375-3349515563-526","PrincipalType":"Group","RightName":"AddKeyCredentialLink","IsInherited":true},{"PrincipalSID":"S-1-5-21-2833959394-2293988375-3349515563-527","PrincipalType":"Group","RightName":"AddKeyCredentialLink","IsInherited":true},{"PrincipalSID":"S-1-5-21-2833959394-2293988375-3349515563-519","PrincipalType":"Group","RightName":"GenericAll","IsInherited":true},{"PrincipalSID":"TEST_DC.LOCAL-S-1-5-32-544","PrincipalType":"Group","RightName":"WriteDacl","IsInherited":true},{"PrincipalSID":"TEST_DC.LOCAL-S-1-5-32-544","PrincipalType":"Group","RightName":"WriteOwner","IsInherited":true},{"PrincipalSID":"TEST_DC.LOCAL-S-1-5-32-544","PrincipalType":"Group","RightName":"AllExtendedRights","IsInherited":true},{"PrincipalSID":"TEST_DC.LOCAL-S-1-5-32-544","PrincipalType":"Group","RightName":"GenericWrite","IsInherited":true}],"ObjectIdentifier":"S-1-5-21-2833959394-2293988375-3349515563-1116","IsDeleted":false,"IsACLProtected":false},{"Properties":{"domain":"TEST_DC.LOCAL","name":"GUEST@TEST_DC.LOCAL","distinguishedname":"CN=GUEST,CN=USERS,DC=TEST_DC,DC=LOCAL","domainsid":"S-1-5-21-2833959394-2293988375-3349515563","highvalue":false,"samaccountname":"Guest","description":"Built-in account for guest access to the computer/domain","whencreated":1746466469,"sensitive":false,"dontreqpreauth":false,"passwordnotreqd":true,"unconstraineddelegation":false,"pwdneverexpires":true,"enabled":false,"trustedtoauth":false,"lastlogon":0,"lastlogontimestamp":-1,"pwdlastset":0,"serviceprincipalnames":[],"hasspn":false,"displayname":null,"email":null,"title":null,"homedirectory":null,"userpassword":null,"unixpassword":null,"unicodepassword":null,"sfupassword":null,"logonscript":null,"admincount":false,"sidhistory":[]},"AllowedToDelegate":[],"PrimaryGroupSID":"S-1-5-21-2833959394-2293988375-3349515563-514","HasSIDHistory":[],"SPNTargets":[],"Aces":[{"PrincipalSID":"TEST_DC.LOCAL-S-1-5-32-544","PrincipalType":"Group","RightName":"Owns","IsInherited":false},{"PrincipalSID":"TEST_DC.LOCAL-S-1-5-32-548","PrincipalType":"Group","RightName":"GenericAll","IsInherited":false},{"PrincipalSID":"S-1-5-21-2833959394-2293988375-3349515563-512","PrincipalType":"Group","RightName":"GenericAll","IsInherited":false},{"PrincipalSID":"S-1-5-21-2833959394-2293988375-3349515563-526","PrincipalType":"Group","RightName":"AddKeyCredentialLink","IsInherited":true},{"PrincipalSID":"S-1-5-21-2833959394-2293988375-3349515563-527","PrincipalType":"Group","RightName":"AddKeyCredentialLink","IsInherited":true},{"PrincipalSID":"S-1-5-21-2833959394-2293988375-3349515563-519","PrincipalType":"Group","RightName":"GenericAll","IsInherited":true},{"PrincipalSID":"TEST_DC.LOCAL-S-1-5-32-544","PrincipalType":"Group","RightName":"WriteDacl","IsInherited":true},{"PrincipalSID":"TEST_DC.LOCAL-S-1-5-32-544","PrincipalType":"Group","RightName":"WriteOwner","IsInherited":true},{"PrincipalSID":"TEST_DC.LOCAL-S-1-5-32-544","PrincipalType":"Group","RightName":"AllExtendedRights","IsInherited":true},{"PrincipalSID":"TEST_DC.LOCAL-S-1-5-32-544","PrincipalType":"Group","RightName":"GenericWrite","IsInherited":true}],"ObjectIdentifier":"S-1-5-21-2833959394-2293988375-3349515563-501","IsDeleted":false,"IsACLProtected":false},{"Properties":{"domain":"TEST_DC.LOCAL","name":"KRBTGT@TEST_DC.LOCAL","distinguishedname":"CN=KRBTGT,CN=USERS,DC=TEST_DC,DC=LOCAL","domainsid":"S-1-5-21-2833959394-2293988375-3349515563","highvalue":false,"samaccountname":"krbtgt","description":"Key Distribution Center Service Account","whencreated":1746466528,"sensitive":false,"dontreqpreauth":false,"passwordnotreqd":false,"unconstraineddelegation":false,"pwdneverexpires":false,"enabled":false,"trustedtoauth":false,"lastlogon":0,"lastlogontimestamp":-1,"pwdlastset":1746455728,"serviceprincipalnames":["kadmin/changepw"],"hasspn":true,"displayname":null,"email":null,"title":null,"homedirectory":null,"userpassword":null,"unixpassword":null,"unicodepassword":null,"sfupassword":null,"logonscript":null,"admincount":true,"sidhistory":[]},"AllowedToDelegate":[],"PrimaryGroupSID":"S-1-5-21-2833959394-2293988375-3349515563-513","HasSIDHistory":[],"SPNTargets":[],"Aces":[{"PrincipalSID":"S-1-5-21-2833959394-2293988375-3349515563-512","PrincipalType":"Group","RightName":"Owns","IsInherited":false},{"PrincipalSID":"TEST_DC.LOCAL-S-1-5-32-544","PrincipalType":"Group","RightName":"WriteDacl","IsInherited":false},{"PrincipalSID":"TEST_DC.LOCAL-S-1-5-32-544","PrincipalType":"Group","RightName":"WriteOwner","IsInherited":false},{"PrincipalSID":"TEST_DC.LOCAL-S-1-5-32-544","PrincipalType":"Group","RightName":"AllExtendedRights","IsInherited":false},{"PrincipalSID":"TEST_DC.LOCAL-S-1-5-32-544","PrincipalType":"Group","RightName":"GenericWrite","IsInherited":false},{"PrincipalSID":"S-1-5-21-2833959394-2293988375-3349515563-512","PrincipalType":"Group","RightName":"WriteDacl","IsInherited":false},{"PrincipalSID":"S-1-5-21-2833959394-2293988375-3349515563-512","PrincipalType":"Group","RightName":"WriteOwner","IsInherited":false},{"PrincipalSID":"S-1-5-21-2833959394-2293988375-3349515563-512","PrincipalType":"Group","RightName":"AllExtendedRights","IsInherited":false},{"PrincipalSID":"S-1-5-21-2833959394-2293988375-3349515563-512","PrincipalType":"Group","RightName":"GenericWrite","IsInherited":false},{"PrincipalSID":"S-1-5-21-2833959394-2293988375-3349515563-519","PrincipalType":"Group","RightName":"WriteDacl","IsInherited":false},{"PrincipalSID":"S-1-5-21-2833959394-2293988375-3349515563-519","PrincipalType":"Group","RightName":"WriteOwner","IsInherited":false},{"PrincipalSID":"S-1-5-21-2833959394-2293988375-3349515563-519","PrincipalType":"Group","RightName":"AllExtendedRights","IsInherited":false},{"PrincipalSID":"S-1-5-21-2833959394-2293988375-3349515563-519","PrincipalType":"Group","RightName":"GenericWrite","IsInherited":false}],"ObjectIdentifier":"S-1-5-21-2833959394-2293988375-3349515563-502","IsDeleted":false,"IsACLProtected":true},{"Properties":{"domain":"TEST_DC.LOCAL","name":"ABDELKRIEM@TEST_DC.LOCAL","distinguishedname":"CN=ABDELKRIEM YOUSOF,CN=USERS,DC=TEST_DC,DC=LOCAL","domainsid":"S-1-5-21-2833959394-2293988375-3349515563","highvalue":false,"samaccountname":"abdelkriem","description":null,"whencreated":1746466872,"sensitive":false,"dontreqpreauth":false,"passwordnotreqd":false,"unconstraineddelegation":false,"pwdneverexpires":true,"enabled":true,"trustedtoauth":false,"lastlogon":1751783678,"lastlogontimestamp":1751466562,"pwdlastset":1746456189,"serviceprincipalnames":[],"hasspn":false,"displayname":"abdelkriem yousof","email":null,"title":null,"homedirectory":null,"userpassword":null,"unixpassword":null,"unicodepassword":null,"sfupassword":null,"logonscript":null,"admincount":true,"sidhistory":[]},"AllowedToDelegate":[],"PrimaryGroupSID":"S-1-5-21-2833959394-2293988375-3349515563-513","HasSIDHistory":[],"SPNTargets":[],"Aces":[{"PrincipalSID":"S-1-5-21-2833959394-2293988375-3349515563-512","PrincipalType":"Group","RightName":"Owns","IsInherited":false},{"PrincipalSID":"TEST_DC.LOCAL-S-1-5-32-544","PrincipalType":"Group","RightName":"WriteDacl","IsInherited":false},{"PrincipalSID":"TEST_DC.LOCAL-S-1-5-32-544","PrincipalType":"Group","RightName":"WriteOwner","IsInherited":false},{"PrincipalSID":"TEST_DC.LOCAL-S-1-5-32-544","PrincipalType":"Group","RightName":"AllExtendedRights","IsInherited":false},{"PrincipalSID":"TEST_DC.LOCAL-S-1-5-32-544","PrincipalType":"Group","RightName":"GenericWrite","IsInherited":false},{"PrincipalSID":"S-1-5-21-2833959394-2293988375-3349515563-512","PrincipalType":"Group","RightName":"WriteDacl","IsInherited":false},{"PrincipalSID":"S-1-5-21-2833959394-2293988375-3349515563-512","PrincipalType":"Group","RightName":"WriteOwner","IsInherited":false},{"PrincipalSID":"S-1-5-21-2833959394-2293988375-3349515563-512","PrincipalType":"Group","RightName":"AllExtendedRights","IsInherited":false},{"PrincipalSID":"S-1-5-21-2833959394-2293988375-3349515563-512","PrincipalType":"Group","RightName":"GenericWrite","IsInherited":false},{"PrincipalSID":"S-1-5-21-2833959394-2293988375-3349515563-519","PrincipalType":"Group","RightName":"WriteDacl","IsInherited":false},{"PrincipalSID":"S-1-5-21-2833959394-2293988375-3349515563-519","PrincipalType":"Group","RightName":"WriteOwner","IsInherited":false},{"PrincipalSID":"S-1-5-21-2833959394-2293988375-3349515563-519","PrincipalType":"Group","RightName":"AllExtendedRights","IsInherited":false},{"PrincipalSID":"S-1-5-21-2833959394-2293988375-3349515563-519","PrincipalType":"Group","RightName":"GenericWrite","IsInherited":false}],"ObjectIdentifier":"S-1-5-21-2833959394-2293988375-3349515563-1103","IsDeleted":false,"IsACLProtected":true},{"Properties":{"domain":"TEST_DC.LOCAL","name":"TEST1@TEST_DC.LOCAL","distinguishedname":"CN=TEST1,CN=USERS,DC=TEST_DC,DC=LOCAL","domainsid":"S-1-5-21-2833959394-2293988375-3349515563","highvalue":false,"samaccountname":"test1","description":null,"whencreated":1750808173,"sensitive":false,"dontreqpreauth":false,"passwordnotreqd":false,"unconstraineddelegation":false,"pwdneverexpires":true,"enabled":true,"trustedtoauth":false,"lastlogon":1751593082,"lastlogontimestamp":1750842955,"pwdlastset":1750797373,"serviceprincipalnames":[],"hasspn":false,"displayname":"test1","email":null,"title":null,"homedirectory":null,"userpassword":null,"unixpassword":null,"unicodepassword":null,"sfupassword":null,"logonscript":null,"admincount":true,"sidhistory":[]},"AllowedToDelegate":[],"PrimaryGroupSID":"S-1-5-21-2833959394-2293988375-3349515563-513","HasSIDHistory":[],"SPNTargets":[],"Aces":[{"PrincipalSID":"S-1-5-21-2833959394-2293988375-3349515563-512","PrincipalType":"Group","RightName":"Owns","IsInherited":false},{"PrincipalSID":"TEST_DC.LOCAL-S-1-5-32-544","PrincipalType":"Group","RightName":"WriteDacl","IsInherited":false},{"PrincipalSID":"TEST_DC.LOCAL-S-1-5-32-544","PrincipalType":"Group","RightName":"WriteOwner","IsInherited":false},{"PrincipalSID":"TEST_DC.LOCAL-S-1-5-32-544","PrincipalType":"Group","RightName":"AllExtendedRights","IsInherited":false},{"PrincipalSID":"TEST_DC.LOCAL-S-1-5-32-544","PrincipalType":"Group","RightName":"GenericWrite","IsInherited":false},{"PrincipalSID":"S-1-5-21-2833959394-2293988375-3349515563-512","PrincipalType":"Group","RightName":"WriteDacl","IsInherited":false},{"PrincipalSID":"S-1-5-21-2833959394-2293988375-3349515563-512","PrincipalType":"Group","RightName":"WriteOwner","IsInherited":false},{"PrincipalSID":"S-1-5-21-2833959394-2293988375-3349515563-512","PrincipalType":"Group","RightName":"AllExtendedRights","IsInherited":false},{"PrincipalSID":"S-1-5-21-2833959394-2293988375-3349515563-512","PrincipalType":"Group","RightName":"GenericWrite","IsInherited":false},{"PrincipalSID":"S-1-5-21-2833959394-2293988375-3349515563-519","PrincipalType":"Group","RightName":"WriteDacl","IsInherited":false},{"PrincipalSID":"S-1-5-21-2833959394-2293988375-3349515563-519","PrincipalType":"Group","RightName":"WriteOwner","IsInherited":false},{"PrincipalSID":"S-1-5-21-2833959394-2293988375-3349515563-519","PrincipalType":"Group","RightName":"AllExtendedRights","IsInherited":false},{"PrincipalSID":"S-1-5-21-2833959394-2293988375-3349515563-519","PrincipalType":"Group","RightName":"GenericWrite","IsInherited":false}],"ObjectIdentifier":"S-1-5-21-2833959394-2293988375-3349515563-1106","IsDeleted":false,"IsACLProtected":true},{"Properties":{"domain":"TEST_DC.LOCAL","name":"SHAF3Y@TEST_DC.LOCAL","distinguishedname":"CN=SHAF3Y,CN=USERS,DC=TEST_DC,DC=LOCAL","domainsid":"S-1-5-21-2833959394-2293988375-3349515563","highvalue":false,"samaccountname":"shaf3y","description":null,"whencreated":1750862229,"sensitive":false,"dontreqpreauth":false,"passwordnotreqd":false,"unconstraineddelegation":false,"pwdneverexpires":true,"enabled":true,"trustedtoauth":false,"lastlogon":1750851564,"lastlogontimestamp":1750851496,"pwdlastset":1750851429,"serviceprincipalnames":[],"hasspn":false,"displayname":"shaf3y","email":null,"title":null,"homedirectory":null,"userpassword":null,"unixpassword":null,"unicodepassword":null,"sfupassword":null,"logonscript":null,"admincount":true,"sidhistory":[]},"AllowedToDelegate":[],"PrimaryGroupSID":"S-1-5-21-2833959394-2293988375-3349515563-513","HasSIDHistory":[],"SPNTargets":[],"Aces":[{"PrincipalSID":"S-1-5-21-2833959394-2293988375-3349515563-512","PrincipalType":"Group","RightName":"Owns","IsInherited":false},{"PrincipalSID":"TEST_DC.LOCAL-S-1-5-32-544","PrincipalType":"Group","RightName":"WriteDacl","IsInherited":false},{"PrincipalSID":"TEST_DC.LOCAL-S-1-5-32-544","PrincipalType":"Group","RightName":"WriteOwner","IsInherited":false},{"PrincipalSID":"TEST_DC.LOCAL-S-1-5-32-544","PrincipalType":"Group","RightName":"AllExtendedRights","IsInherited":false},{"PrincipalSID":"TEST_DC.LOCAL-S-1-5-32-544","PrincipalType":"Group","RightName":"GenericWrite","IsInherited":false},{"PrincipalSID":"S-1-5-21-2833959394-2293988375-3349515563-512","PrincipalType":"Group","RightName":"WriteDacl","IsInherited":false},{"PrincipalSID":"S-1-5-21-2833959394-2293988375-3349515563-512","PrincipalType":"Group","RightName":"WriteOwner","IsInherited":false},{"PrincipalSID":"S-1-5-21-2833959394-2293988375-3349515563-512","PrincipalType":"Group","RightName":"AllExtendedRights","IsInherited":false},{"PrincipalSID":"S-1-5-21-2833959394-2293988375-3349515563-512","PrincipalType":"Group","RightName":"GenericWrite","IsInherited":false},{"PrincipalSID":"S-1-5-21-2833959394-2293988375-3349515563-519","PrincipalType":"Group","RightName":"WriteDacl","IsInherited":false},{"PrincipalSID":"S-1-5-21-2833959394-2293988375-3349515563-519","PrincipalType":"Group","RightName":"WriteOwner","IsInherited":false},{"PrincipalSID":"S-1-5-21-2833959394-2293988375-3349515563-519","PrincipalType":"Group","RightName":"AllExtendedRights","IsInherited":false},{"PrincipalSID":"S-1-5-21-2833959394-2293988375-3349515563-519","PrincipalType":"Group","RightName":"GenericWrite","IsInherited":false}],"ObjectIdentifier":"S-1-5-21-2833959394-2293988375-3349515563-1107","IsDeleted":false,"IsACLProtected":true},{"Properties":{"domain":"TEST_DC.LOCAL","name":"SVC_.TEST@TEST_DC.LOCAL","distinguishedname":"CN=SVC_TEST,CN=USERS,DC=TEST_DC,DC=LOCAL","domainsid":"S-1-5-21-2833959394-2293988375-3349515563","highvalue":false,"samaccountname":"svc_.test","description":null,"whencreated":1750866694,"sensitive":false,"dontreqpreauth":false,"passwordnotreqd":false,"unconstraineddelegation":false,"pwdneverexpires":true,"enabled":true,"trustedtoauth":false,"lastlogon":1750857851,"lastlogontimestamp":1750855900,"pwdlastset":1750855894,"serviceprincipalnames":[],"hasspn":false,"displayname":"svc_.test","email":null,"title":null,"homedirectory":null,"userpassword":null,"unixpassword":null,"unicodepassword":null,"sfupassword":null,"logonscript":null,"admincount":false,"sidhistory":[]},"AllowedToDelegate":[],"PrimaryGroupSID":"S-1-5-21-2833959394-2293988375-3349515563-513","HasSIDHistory":[],"SPNTargets":[],"Aces":[{"PrincipalSID":"S-1-5-21-2833959394-2293988375-3349515563-512","PrincipalType":"Group","RightName":"Owns","IsInherited":false},{"PrincipalSID":"TEST_DC.LOCAL-S-1-5-32-548","PrincipalType":"Group","RightName":"GenericAll","IsInherited":false},{"PrincipalSID":"S-1-5-21-2833959394-2293988375-3349515563-512","PrincipalType":"Group","RightName":"GenericAll","IsInherited":false},{"PrincipalSID":"S-1-5-21-2833959394-2293988375-3349515563-526","PrincipalType":"Group","RightName":"AddKeyCredentialLink","IsInherited":true},{"PrincipalSID":"S-1-5-21-2833959394-2293988375-3349515563-527","PrincipalType":"Group","RightName":"AddKeyCredentialLink","IsInherited":true},{"PrincipalSID":"S-1-5-21-2833959394-2293988375-3349515563-519","PrincipalType":"Group","RightName":"GenericAll","IsInherited":true},{"PrincipalSID":"TEST_DC.LOCAL-S-1-5-32-544","PrincipalType":"Group","RightName":"WriteDacl","IsInherited":true},{"PrincipalSID":"TEST_DC.LOCAL-S-1-5-32-544","PrincipalType":"Group","RightName":"WriteOwner","IsInherited":true},{"PrincipalSID":"TEST_DC.LOCAL-S-1-5-32-544","PrincipalType":"Group","RightName":"AllExtendedRights","IsInherited":true},{"PrincipalSID":"TEST_DC.LOCAL-S-1-5-32-544","PrincipalType":"Group","RightName":"GenericWrite","IsInherited":true}],"ObjectIdentifier":"S-1-5-21-2833959394-2293988375-3349515563-1108","IsDeleted":false,"IsACLProtected":false},{"Properties":{"domain":"TEST_DC.LOCAL","name":"ADMINISTRATOR@TEST_DC.LOCAL","distinguishedname":"CN=ADMINISTRATOR,CN=USERS,DC=TEST_DC,DC=LOCAL","domainsid":"S-1-5-21-2833959394-2293988375-3349515563","highvalue":false,"samaccountname":"Administrator","description":"Built-in account for administering the computer/domain","whencreated":1746466469,"sensitive":false,"dontreqpreauth":false,"passwordnotreqd":false,"unconstraineddelegation":false,"pwdneverexpires":true,"enabled":true,"trustedtoauth":false,"lastlogon":1752194172,"lastlogontimestamp":1751879415,"pwdlastset":1746453394,"serviceprincipalnames":[],"hasspn":false,"displayname":null,"email":null,"title":null,"homedirectory":null,"userpassword":null,"unixpassword":null,"unicodepassword":null,"sfupassword":null,"logonscript":null,"admincount":true,"sidhistory":[]},"AllowedToDelegate":[],"PrimaryGroupSID":"S-1-5-21-2833959394-2293988375-3349515563-513","HasSIDHistory":[],"SPNTargets":[],"Aces":[{"PrincipalSID":"S-1-5-21-2833959394-2293988375-3349515563-512","PrincipalType":"Group","RightName":"Owns","IsInherited":false},{"PrincipalSID":"TEST_DC.LOCAL-S-1-5-32-544","PrincipalType":"Group","RightName":"WriteDacl","IsInherited":false},{"PrincipalSID":"TEST_DC.LOCAL-S-1-5-32-544","PrincipalType":"Group","RightName":"WriteOwner","IsInherited":false},{"PrincipalSID":"TEST_DC.LOCAL-S-1-5-32-544","PrincipalType":"Group","RightName":"AllExtendedRights","IsInherited":false},{"PrincipalSID":"TEST_DC.LOCAL-S-1-5-32-544","PrincipalType":"Group","RightName":"GenericWrite","IsInherited":false},{"PrincipalSID":"S-1-5-21-2833959394-2293988375-3349515563-512","PrincipalType":"Group","RightName":"WriteDacl","IsInherited":false},{"PrincipalSID":"S-1-5-21-2833959394-2293988375-3349515563-512","PrincipalType":"Group","RightName":"WriteOwner","IsInherited":false},{"PrincipalSID":"S-1-5-21-2833959394-2293988375-3349515563-512","PrincipalType":"Group","RightName":"AllExtendedRights","IsInherited":false},{"PrincipalSID":"S-1-5-21-2833959394-2293988375-3349515563-512","PrincipalType":"Group","RightName":"GenericWrite","IsInherited":false},{"PrincipalSID":"S-1-5-21-2833959394-2293988375-3349515563-519","PrincipalType":"Group","RightName":"WriteDacl","IsInherited":false},{"PrincipalSID":"S-1-5-21-2833959394-2293988375-3349515563-519","PrincipalType":"Group","RightName":"WriteOwner","IsInherited":false},{"PrincipalSID":"S-1-5-21-2833959394-2293988375-3349515563-519","PrincipalType":"Group","RightName":"AllExtendedRights","IsInherited":false},{"PrincipalSID":"S-1-5-21-2833959394-2293988375-3349515563-519","PrincipalType":"Group","RightName":"GenericWrite","IsInherited":false}],"ObjectIdentifier":"S-1-5-21-2833959394-2293988375-3349515563-500","IsDeleted":false,"IsACLProtected":true},{"Properties":{"domain":"TEST_DC.LOCAL","name":"KHALED.TEST@TEST_DC.LOCAL","distinguishedname":"CN=KHALED TEST,CN=USERS,DC=TEST_DC,DC=LOCAL","domainsid":"S-1-5-21-2833959394-2293988375-3349515563","highvalue":false,"samaccountname":"Khaled.Test","description":null,"whencreated":1750989357,"sensitive":false,"dontreqpreauth":false,"passwordnotreqd":false,"unconstraineddelegation":false,"pwdneverexpires":true,"enabled":true,"trustedtoauth":false,"lastlogon":1751036656,"lastlogontimestamp":1750983961,"pwdlastset":1750978557,"serviceprincipalnames":[],"hasspn":false,"displayname":"Khaled Test","email":null,"title":null,"homedirectory":null,"userpassword":null,"unixpassword":null,"unicodepassword":null,"sfupassword":null,"logonscript":null,"admincount":true,"sidhistory":[]},"AllowedToDelegate":[],"PrimaryGroupSID":"S-1-5-21-2833959394-2293988375-3349515563-513","HasSIDHistory":[],"SPNTargets":[],"Aces":[{"PrincipalSID":"S-1-5-21-2833959394-2293988375-3349515563-512","PrincipalType":"Group","RightName":"Owns","IsInherited":false},{"PrincipalSID":"TEST_DC.LOCAL-S-1-5-32-544","PrincipalType":"Group","RightName":"WriteDacl","IsInherited":false},{"PrincipalSID":"TEST_DC.LOCAL-S-1-5-32-544","PrincipalType":"Group","RightName":"WriteOwner","IsInherited":false},{"PrincipalSID":"TEST_DC.LOCAL-S-1-5-32-544","PrincipalType":"Group","RightName":"AllExtendedRights","IsInherited":false},{"PrincipalSID":"TEST_DC.LOCAL-S-1-5-32-544","PrincipalType":"Group","RightName":"GenericWrite","IsInherited":false},{"PrincipalSID":"S-1-5-21-2833959394-2293988375-3349515563-512","PrincipalType":"Group","RightName":"WriteDacl","IsInherited":false},{"PrincipalSID":"S-1-5-21-2833959394-2293988375-3349515563-512","PrincipalType":"Group","RightName":"WriteOwner","IsInherited":false},{"PrincipalSID":"S-1-5-21-2833959394-2293988375-3349515563-512","PrincipalType":"Group","RightName":"AllExtendedRights","IsInherited":false},{"PrincipalSID":"S-1-5-21-2833959394-2293988375-3349515563-512","PrincipalType":"Group","RightName":"GenericWrite","IsInherited":false},{"PrincipalSID":"S-1-5-21-2833959394-2293988375-3349515563-519","PrincipalType":"Group","RightName":"WriteDacl","IsInherited":false},{"PrincipalSID":"S-1-5-21-2833959394-2293988375-3349515563-519","PrincipalType":"Group","RightName":"WriteOwner","IsInherited":false},{"PrincipalSID":"S-1-5-21-2833959394-2293988375-3349515563-519","PrincipalType":"Group","RightName":"AllExtendedRights","IsInherited":false},{"PrincipalSID":"S-1-5-21-2833959394-2293988375-3349515563-519","PrincipalType":"Group","RightName":"GenericWrite","IsInherited":false}],"ObjectIdentifier":"S-1-5-21-2833959394-2293988375-3349515563-1112","IsDeleted":false,"IsACLProtected":true},{"Properties":{"domain":"TEST_DC.LOCAL","name":"SUPERUSER.TEST@TEST_DC.LOCAL","distinguishedname":"CN=SUPERUSER TEST,CN=USERS,DC=TEST_DC,DC=LOCAL","domainsid":"S-1-5-21-2833959394-2293988375-3349515563","highvalue":false,"samaccountname":"Superuser.Test","description":null,"whencreated":1751003287,"sensitive":false,"dontreqpreauth":false,"passwordnotreqd":false,"unconstraineddelegation":false,"pwdneverexpires":true,"enabled":true,"trustedtoauth":false,"lastlogon":1750992540,"lastlogontimestamp":1750992540,"pwdlastset":1750992487,"serviceprincipalnames":[],"hasspn":false,"displayname":"Superuser Test","email":null,"title":null,"homedirectory":null,"userpassword":null,"unixpassword":null,"unicodepassword":null,"sfupassword":null,"logonscript":null,"admincount":true,"sidhistory":[]},"AllowedToDelegate":[],"PrimaryGroupSID":"S-1-5-21-2833959394-2293988375-3349515563-513","HasSIDHistory":[],"SPNTargets":[],"Aces":[{"PrincipalSID":"S-1-5-21-2833959394-2293988375-3349515563-512","PrincipalType":"Group","RightName":"Owns","IsInherited":false},{"PrincipalSID":"TEST_DC.LOCAL-S-1-5-32-544","PrincipalType":"Group","RightName":"WriteDacl","IsInherited":false},{"PrincipalSID":"TEST_DC.LOCAL-S-1-5-32-544","PrincipalType":"Group","RightName":"WriteOwner","IsInherited":false},{"PrincipalSID":"TEST_DC.LOCAL-S-1-5-32-544","PrincipalType":"Group","RightName":"AllExtendedRights","IsInherited":false},{"PrincipalSID":"TEST_DC.LOCAL-S-1-5-32-544","PrincipalType":"Group","RightName":"GenericWrite","IsInherited":false},{"PrincipalSID":"S-1-5-21-2833959394-2293988375-3349515563-512","PrincipalType":"Group","RightName":"WriteDacl","IsInherited":false},{"PrincipalSID":"S-1-5-21-2833959394-2293988375-3349515563-512","PrincipalType":"Group","RightName":"WriteOwner","IsInherited":false},{"PrincipalSID":"S-1-5-21-2833959394-2293988375-3349515563-512","PrincipalType":"Group","RightName":"AllExtendedRights","IsInherited":false},{"PrincipalSID":"S-1-5-21-2833959394-2293988375-3349515563-512","PrincipalType":"Group","RightName":"GenericWrite","IsInherited":false},{"PrincipalSID":"S-1-5-21-2833959394-2293988375-3349515563-519","PrincipalType":"Group","RightName":"WriteDacl","IsInherited":false},{"PrincipalSID":"S-1-5-21-2833959394-2293988375-3349515563-519","PrincipalType":"Group","RightName":"WriteOwner","IsInherited":false},{"PrincipalSID":"S-1-5-21-2833959394-2293988375-3349515563-519","PrincipalType":"Group","RightName":"AllExtendedRights","IsInherited":false},{"PrincipalSID":"S-1-5-21-2833959394-2293988375-3349515563-519","PrincipalType":"Group","RightName":"GenericWrite","IsInherited":false}],"ObjectIdentifier":"S-1-5-21-2833959394-2293988375-3349515563-1113","IsDeleted":false,"IsACLProtected":true}],"meta":{"methods":29695,"type":"users","count":12,"version":5}}