﻿{"data":[{"Properties":{"domain":"TEST_DC.LOCAL","name":"CF-RED-PC.TEST_DC.LOCAL","distinguishedname":"CN=CF-RED-PC,OU=TEST,DC=TEST_DC,DC=LOCAL","domainsid":"S-1-5-21-2833959394-2293988375-3349515563","highvalue":false,"samaccountname":"CF-RED-PC$","haslaps":false,"description":null,"whencreated":1746540049,"enabled":true,"unconstraineddelegation":false,"trustedtoauth":false,"lastlogon":1748984254,"lastlogontimestamp":1748344281,"pwdlastset":1746529249,"serviceprincipalnames":["WSMAN/CF-Red-PC","WSMAN/CF-Red-PC.Test_DC.local","TERMSRV/CF-RED-PC","TERMSRV/CF-Red-PC.Test_DC.local","RestrictedKrbHost/CF-RED-PC","HOST/CF-RED-PC","RestrictedKrbHost/CF-Red-PC.Test_DC.local","HOST/CF-Red-PC.Test_DC.local"],"operatingsystem":"Windows 11 Pro","sidhistory":[]},"PrimaryGroupSID":"S-1-5-21-2833959394-2293988375-3349515563-515","AllowedToDelegate":[],"AllowedToAct":[],"HasSIDHistory":[],"DumpSMSAPassword":[],"Sessions":{"Results":[],"Collected":false,"FailureReason":null},"PrivilegedSessions":{"Results":[],"Collected":false,"FailureReason":null},"RegistrySessions":{"Results":[],"Collected":false,"FailureReason":null},"LocalAdmins":{"Results":[],"Collected":false,"FailureReason":null},"RemoteDesktopUsers":{"Results":[],"Collected":false,"FailureReason":null},"DcomUsers":{"Results":[],"Collected":false,"FailureReason":null},"PSRemoteUsers":{"Results":[],"Collected":false,"FailureReason":null},"Status":null,"Aces":[{"PrincipalSID":"S-1-5-21-2833959394-2293988375-3349515563-512","PrincipalType":"Group","RightName":"Owns","IsInherited":false},{"PrincipalSID":"TEST_DC.LOCAL-S-1-5-32-548","PrincipalType":"Group","RightName":"GenericAll","IsInherited":false},{"PrincipalSID":"S-1-5-21-2833959394-2293988375-3349515563-512","PrincipalType":"Group","RightName":"GenericAll","IsInherited":false},{"PrincipalSID":"S-1-5-21-2833959394-2293988375-3349515563-526","PrincipalType":"Group","RightName":"AddKeyCredentialLink","IsInherited":true},{"PrincipalSID":"S-1-5-21-2833959394-2293988375-3349515563-527","PrincipalType":"Group","RightName":"AddKeyCredentialLink","IsInherited":true},{"PrincipalSID":"S-1-5-21-2833959394-2293988375-3349515563-519","PrincipalType":"Group","RightName":"GenericAll","IsInherited":true},{"PrincipalSID":"TEST_DC.LOCAL-S-1-5-32-544","PrincipalType":"Group","RightName":"WriteDacl","IsInherited":true},{"PrincipalSID":"TEST_DC.LOCAL-S-1-5-32-544","PrincipalType":"Group","RightName":"WriteOwner","IsInherited":true},{"PrincipalSID":"TEST_DC.LOCAL-S-1-5-32-544","PrincipalType":"Group","RightName":"GenericWrite","IsInherited":true}],"ObjectIdentifier":"S-1-5-21-2833959394-2293988375-3349515563-1105","IsDeleted":false,"IsACLProtected":false},{"Properties":{"domain":"TEST_DC.LOCAL","name":"TEST_DC.TEST_DC.LOCAL","distinguishedname":"CN=TEST_DC,OU=DOMAIN CONTROLLERS,DC=TEST_DC,DC=LOCAL","domainsid":"S-1-5-21-2833959394-2293988375-3349515563","highvalue":false,"samaccountname":"TEST_DC$","haslaps":false,"description":null,"whencreated":1746466527,"enabled":true,"unconstraineddelegation":true,"trustedtoauth":false,"lastlogon":1752191602,"lastlogontimestamp":1751876317,"pwdlastset":1751711578,"serviceprincipalnames":["Dfsr-12F9A27C-BF97-4787-9364-D31B6C55EB04/Test_DC.Test_DC.local","ldap/Test_DC.Test_DC.local/ForestDnsZones.Test_DC.local","ldap/Test_DC.Test_DC.local/DomainDnsZones.Test_DC.local","TERMSRV/TEST_DC","TERMSRV/Test_DC.Test_DC.local","DNS/Test_DC.Test_DC.local","GC/Test_DC.Test_DC.local/Test_DC.local","RestrictedKrbHost/Test_DC.Test_DC.local","RestrictedKrbHost/TEST_DC","RPC/714f91c6-621f-4199-b92c-7f51ba0ec47b._msdcs.Test_DC.local","HOST/TEST_DC/TEST_DC0","HOST/Test_DC.Test_DC.local/TEST_DC0","HOST/TEST_DC","HOST/Test_DC.Test_DC.local","HOST/Test_DC.Test_DC.local/Test_DC.local","E3514235-4B06-11D1-AB04-00C04FC2DCD2/714f91c6-621f-4199-b92c-7f51ba0ec47b/Test_DC.local","ldap/TEST_DC/TEST_DC0","ldap/714f91c6-621f-4199-b92c-7f51ba0ec47b._msdcs.Test_DC.local","ldap/Test_DC.Test_DC.local/TEST_DC0","ldap/TEST_DC","ldap/Test_DC.Test_DC.local","ldap/Test_DC.Test_DC.local/Test_DC.local"],"operatingsystem":"Windows Server 2022 Standard","sidhistory":[]},"PrimaryGroupSID":"S-1-5-21-2833959394-2293988375-3349515563-516","AllowedToDelegate":[],"AllowedToAct":[],"HasSIDHistory":[],"DumpSMSAPassword":[],"Sessions":{"Results":[],"Collected":false,"FailureReason":"ERROR_ACCESS_DENIED"},"PrivilegedSessions":{"Results":[],"Collected":false,"FailureReason":"ERROR_ACCESS_DENIED"},"RegistrySessions":{"Results":[{"UserSID":"S-1-5-21-2833959394-2293988375-3349515563-500","ComputerSID":"S-1-5-21-2833959394-2293988375-3349515563-1000"}],"Collected":true,"FailureReason":null},"LocalAdmins":{"Results":[{"ObjectIdentifier":"S-1-5-21-2833959394-2293988375-3349515563-500","ObjectType":"User"},{"ObjectIdentifier":"S-1-5-21-2833959394-2293988375-3349515563-519","ObjectType":"Group"},{"ObjectIdentifier":"S-1-5-21-2833959394-2293988375-3349515563-512","ObjectType":"Group"},{"ObjectIdentifier":"S-1-5-21-2833959394-2293988375-3349515563-1103","ObjectType":"User"}],"Collected":true,"FailureReason":null},"RemoteDesktopUsers":{"Results":[{"ObjectIdentifier":"S-1-5-21-2833959394-2293988375-3349515563-1116","ObjectType":"User"}],"Collected":true,"FailureReason":null},"DcomUsers":{"Results":[],"Collected":true,"FailureReason":null},"PSRemoteUsers":{"Results":[],"Collected":true,"FailureReason":null},"Status":null,"Aces":[{"PrincipalSID":"S-1-5-21-2833959394-2293988375-3349515563-512","PrincipalType":"Group","RightName":"Owns","IsInherited":false},{"PrincipalSID":"S-1-5-21-2833959394-2293988375-3349515563-512","PrincipalType":"Group","RightName":"GenericAll","IsInherited":false},{"PrincipalSID":"S-1-5-21-2833959394-2293988375-3349515563-526","PrincipalType":"Group","RightName":"AddKeyCredentialLink","IsInherited":true},{"PrincipalSID":"S-1-5-21-2833959394-2293988375-3349515563-527","PrincipalType":"Group","RightName":"AddKeyCredentialLink","IsInherited":true},{"PrincipalSID":"S-1-5-21-2833959394-2293988375-3349515563-519","PrincipalType":"Group","RightName":"GenericAll","IsInherited":true},{"PrincipalSID":"TEST_DC.LOCAL-S-1-5-32-544","PrincipalType":"Group","RightName":"WriteDacl","IsInherited":true},{"PrincipalSID":"TEST_DC.LOCAL-S-1-5-32-544","PrincipalType":"Group","RightName":"WriteOwner","IsInherited":true},{"PrincipalSID":"TEST_DC.LOCAL-S-1-5-32-544","PrincipalType":"Group","RightName":"GenericWrite","IsInherited":true}],"ObjectIdentifier":"S-1-5-21-2833959394-2293988375-3349515563-1000","IsDeleted":false,"IsACLProtected":false},{"Properties":{"domain":"TEST_DC.LOCAL","name":"DESKTOP-3I6ACSV.TEST_DC.LOCAL","distinguishedname":"CN=DESKTOP-3I6ACSV,OU=TEST,DC=TEST_DC,DC=LOCAL","domainsid":"S-1-5-21-2833959394-2293988375-3349515563","highvalue":false,"samaccountname":"DESKTOP-3I6ACSV$","haslaps":false,"description":null,"whencreated":1746527753,"enabled":true,"unconstraineddelegation":false,"trustedtoauth":false,"lastlogon":1752201470,"lastlogontimestamp":1751746960,"pwdlastset":1751800727,"serviceprincipalnames":["WSMAN/DESKTOP-3I6ACSV","WSMAN/DESKTOP-3I6ACSV.Test_DC.local","TERMSRV/DESKTOP-3I6ACSV","TERMSRV/DESKTOP-3I6ACSV.Test_DC.local","RestrictedKrbHost/DESKTOP-3I6ACSV","HOST/DESKTOP-3I6ACSV","RestrictedKrbHost/DESKTOP-3I6ACSV.Test_DC.local","HOST/DESKTOP-3I6ACSV.Test_DC.local"],"operatingsystem":"Windows 10 Enterprise","sidhistory":[]},"PrimaryGroupSID":"S-1-5-21-2833959394-2293988375-3349515563-515","AllowedToDelegate":[],"AllowedToAct":[],"HasSIDHistory":[],"DumpSMSAPassword":[],"Sessions":{"Results":[],"Collected":true,"FailureReason":null},"PrivilegedSessions":{"Results":[{"UserSID":"S-1-5-21-2833959394-2293988375-3349515563-1116","ComputerSID":"S-1-5-21-2833959394-2293988375-3349515563-1104"}],"Collected":true,"FailureReason":null},"RegistrySessions":{"Results":[],"Collected":false,"FailureReason":"The network path was not found.\r\n"},"LocalAdmins":{"Results":[{"ObjectIdentifier":"S-1-5-21-2833959394-2293988375-3349515563-512","ObjectType":"Group"}],"Collected":true,"FailureReason":null},"RemoteDesktopUsers":{"Results":[{"ObjectIdentifier":"S-1-5-21-2833959394-2293988375-3349515563-1103","ObjectType":"User"},{"ObjectIdentifier":"S-1-5-21-2833959394-2293988375-3349515563-500","ObjectType":"User"},{"ObjectIdentifier":"S-1-5-21-2833959394-2293988375-3349515563-1116","ObjectType":"User"}],"Collected":true,"FailureReason":null},"DcomUsers":{"Results":[],"Collected":true,"FailureReason":null},"PSRemoteUsers":{"Results":[],"Collected":true,"FailureReason":null},"Status":null,"Aces":[{"PrincipalSID":"S-1-5-21-2833959394-2293988375-3349515563-512","PrincipalType":"Group","RightName":"Owns","IsInherited":false},{"PrincipalSID":"TEST_DC.LOCAL-S-1-5-32-548","PrincipalType":"Group","RightName":"GenericAll","IsInherited":false},{"PrincipalSID":"S-1-5-21-2833959394-2293988375-3349515563-512","PrincipalType":"Group","RightName":"GenericAll","IsInherited":false},{"PrincipalSID":"S-1-5-21-2833959394-2293988375-3349515563-526","PrincipalType":"Group","RightName":"AddKeyCredentialLink","IsInherited":true},{"PrincipalSID":"S-1-5-21-2833959394-2293988375-3349515563-527","PrincipalType":"Group","RightName":"AddKeyCredentialLink","IsInherited":true},{"PrincipalSID":"S-1-5-21-2833959394-2293988375-3349515563-519","PrincipalType":"Group","RightName":"GenericAll","IsInherited":true},{"PrincipalSID":"TEST_DC.LOCAL-S-1-5-32-544","PrincipalType":"Group","RightName":"WriteDacl","IsInherited":true},{"PrincipalSID":"TEST_DC.LOCAL-S-1-5-32-544","PrincipalType":"Group","RightName":"WriteOwner","IsInherited":true},{"PrincipalSID":"TEST_DC.LOCAL-S-1-5-32-544","PrincipalType":"Group","RightName":"GenericWrite","IsInherited":true}],"ObjectIdentifier":"S-1-5-21-2833959394-2293988375-3349515563-1104","IsDeleted":false,"IsACLProtected":false}],"meta":{"methods":29695,"type":"computers","count":3,"version":5}}